wmc,noc,cbo,rfc,ce,npm,loc,moa,cam,ic,cbm,max_cc,avg_cc,bug
8,0,8,31,7,1,394,0,0.347222222,1,1,7,3.125,1
5,0,9,17,8,2,97,0,0.45,0,0,2,1.0,0
1,0,0,1,0,1,1,0,1.0,0,0,1,1.0,0
13,0,41,73,41,5,344,0,0.25,1,1,5,1.6154,0
7,0,6,13,2,7,46,1,0.428571429,0,0,1,0.8571,0
6,6,11,14,4,5,52,0,0.541666667,0,0,2,1.0,0
10,0,11,25,11,8,101,0,0.314814815,0,0,1,0.7,0
18,0,29,59,28,6,350,1,0.235294118,0,0,6,1.6111,0
31,0,10,49,2,29,328,0,0.3,0,0,8,1.3548,4
5,0,12,26,10,3,154,0,0.5,1,1,1,0.6,0
6,0,15,25,13,3,88,2,0.41666666700000005,1,1,1,0.8333,2
1,0,1,2,1,1,7,0,1.0,0,0,0,0.0,0
2,0,8,11,8,2,37,1,0.666666667,0,0,1,0.5,0
9,0,14,40,12,8,244,1,0.25925925899999996,1,2,11,2.2222,0
2,0,3,4,2,2,10,0,0.666666667,0,0,1,0.5,0
4,0,4,7,1,2,56,4,0.444444444,1,1,1,0.5,0
9,0,5,24,4,9,213,0,0.37037037,0,0,1,0.8889,0
14,0,16,32,13,9,165,2,0.22115384600000002,0,0,3,1.2143,0
2,0,3,4,1,2,12,0,0.833333333,0,0,0,0.0,0
4,0,9,12,7,3,52,3,0.4,0,0,1,0.75,0
18,0,5,49,4,13,317,0,0.317647059,0,0,5,1.2778,0
5,0,2,7,2,4,25,0,0.6,0,0,1,0.8,0
2,0,6,6,5,2,31,0,0.625,0,0,1,0.5,0
0,0,2,0,1,0,0,0,0.0,0,0,0,0.0,0
3,0,4,7,3,2,27,0,0.666666667,1,1,1,0.3333,0
7,0,9,16,6,7,45,0,0.39285714299999996,3,4,1,0.5714,1
5,0,8,17,7,4,82,1,0.5,0,0,1,0.4,0
3,0,8,15,8,1,52,0,0.666666667,2,2,1,0.6667,0
7,0,7,26,6,5,152,1,0.35714285700000004,1,1,4,1.2857,0
3,0,7,10,3,2,32,0,0.666666667,0,0,1,0.6667,0
11,0,8,23,8,11,96,0,0.345454545,2,3,1,0.6364,1
2,0,6,10,5,2,46,1,0.666666667,0,0,1,0.5,0
4,0,2,5,0,4,21,0,0.75,0,0,1,0.5,0
6,0,16,52,10,3,297,0,0.35,0,0,7,3.5,0
9,0,9,20,9,6,81,0,0.325,1,1,2,0.7778,0
3,0,5,9,5,3,28,1,0.5555555560000001,0,0,1,0.6667,6
2,0,3,7,2,2,21,0,0.666666667,0,0,1,0.5,0
2,0,5,11,4,2,39,1,0.666666667,0,0,1,0.5,0
3,0,3,21,2,1,88,0,0.5,0,0,5,1.6667,0
23,0,22,40,21,23,118,3,0.178743961,0,0,1,0.9565,0
3,0,6,7,5,3,29,0,0.533333333,0,0,1,0.6667,0
10,0,9,20,9,7,96,1,0.314285714,0,0,2,1.1,0
5,0,14,29,14,2,129,1,0.4375,1,1,5,1.4,0
2,0,2,5,2,1,15,0,0.625,1,1,1,0.5,0
3,0,5,12,4,3,54,1,0.46666666700000003,0,0,2,1.0,0
27,0,12,71,3,24,292,0,0.082840237,0,0,1,0.9259,3
21,0,19,52,19,13,287,4,0.166666667,1,2,5,1.6667,0
5,0,4,11,2,5,43,1,0.6,0,0,1,0.8,0
3,0,1,5,1,3,12,0,0.666666667,1,2,1,0.3333,0
19,0,72,19,9,19,19,0,0.15789473699999998,0,0,1,1.0,1
6,0,8,37,8,4,150,1,0.305555556,1,1,1,0.8333,0
10,0,8,17,7,9,86,0,0.311111111,0,0,3,1.0,0
17,1,37,45,27,11,230,1,0.229166667,2,3,5,1.1765,0
5,0,16,8,3,5,31,1,0.46666666700000003,0,0,1,0.8,0
10,0,4,19,3,9,120,0,0.425,1,2,1,0.8,3
3,0,13,17,13,3,70,2,0.666666667,0,0,3,2.0,0
13,0,18,42,18,9,183,2,0.23076923100000002,0,0,5,1.3077,0
12,0,7,16,7,11,83,2,0.26666666699999997,0,0,2,1.0,0
4,0,4,13,3,2,39,0,0.5,0,0,1,0.5,0
2,0,5,2,0,2,2,0,1.0,0,0,1,1.0,0
7,0,4,12,3,6,55,0,0.314285714,1,2,3,1.0,2
2,0,20,32,20,1,202,2,0.666666667,1,1,1,0.5,0
1,0,0,2,0,0,23,0,1.0,0,0,0,0.0,0
5,0,14,9,6,5,41,0,0.44,1,1,1,0.6,0
9,0,9,31,8,5,140,2,0.28571428600000004,0,0,3,1.2222,0
4,3,3,11,0,4,31,0,0.625,0,0,1,0.75,0
6,0,11,10,6,5,48,1,0.36666666700000006,0,0,1,0.6667,0
45,0,22,81,19,39,555,1,0.146694215,1,2,7,1.1778,5
3,0,4,5,4,3,18,0,0.833333333,0,0,1,0.6667,0
9,0,9,23,7,9,94,0,0.27777777800000003,2,3,1,0.5556,3
5,0,16,7,2,5,30,0,0.7,0,0,1,0.8,0
5,0,4,10,4,5,28,0,0.36,0,0,1,0.8,0
3,0,5,11,4,3,53,0,0.5,0,0,1,0.6667,0
1,0,3,1,1,1,1,0,1.0,0,0,1,1.0,0
8,0,8,25,7,7,105,1,0.326530612,0,0,1,0.375,1
5,0,18,47,18,3,172,1,0.46666666700000003,1,1,1,0.8,0
3,0,7,13,6,2,72,0,0.6,0,0,6,2.0,0
1,0,0,1,0,1,1,0,1.0,0,0,1,1.0,0
28,0,25,74,24,24,323,1,0.148148148,1,2,2,1.0,0
8,0,15,54,14,2,378,0,0.342857143,0,0,5,1.875,0
2,0,3,7,1,2,25,0,0.666666667,0,0,1,0.5,0
2,1,4,4,3,1,11,0,0.666666667,1,1,1,0.5,0
17,0,21,34,17,16,138,0,0.19607843100000003,0,0,1,0.9412,0
3,0,4,5,4,3,20,0,0.833333333,0,0,1,0.6667,0
15,0,20,21,18,15,123,0,0.138095238,1,1,1,0.9333,0
19,1,7,35,6,16,183,1,0.15789473699999998,0,0,2,1.0,1
3,0,5,7,4,1,24,1,0.5,1,1,1,0.6667,0
4,0,3,9,2,4,45,1,0.4375,0,0,1,0.75,0
1,0,5,1,1,1,1,0,1.0,0,0,1,1.0,0
22,0,14,66,14,11,603,1,0.164502165,1,1,15,2.6818,8
1,0,6,1,0,1,1,0,1.0,0,0,1,1.0,0
3,0,2,4,1,3,15,0,0.666666667,0,0,1,0.6667,0
5,0,1,6,0,5,24,0,0.7,0,0,1,0.8,0
15,0,22,47,20,14,218,0,0.1875,0,0,2,0.9333,0
4,0,2,11,1,4,52,0,0.5,0,0,2,1.0,0
7,2,4,8,2,7,37,1,0.35714285700000004,0,0,1,0.8571,0
0,0,1,0,0,0,0,0,0.0,0,0,0,0.0,0
2,0,5,10,4,1,42,0,0.6,0,0,3,1.5,0
2,0,3,3,1,2,6,0,0.75,0,0,1,0.5,0
14,1,6,22,1,14,176,0,0.535714286,0,0,5,1.2857,0
1,0,6,1,1,1,1,0,1.0,0,0,1,1.0,0
10,0,11,24,10,6,126,3,0.27777777800000003,1,1,2,0.9,0
7,0,14,27,11,3,95,2,0.38888888899999996,1,1,1,0.7143,0
4,0,1,5,1,3,16,1,0.666666667,1,1,1,0.5,0
24,36,53,61,16,16,301,1,0.316770186,1,1,3,1.0,5
2,0,2,5,1,2,16,0,0.666666667,0,0,3,1.5,0
3,0,3,5,3,3,12,0,0.666666667,1,2,1,0.6667,0
2,0,2,2,0,2,2,0,0.75,0,0,1,1.0,0
1,0,5,1,0,1,1,0,1.0,0,0,1,1.0,0
3,0,4,6,4,2,16,0,0.5,1,1,1,0.3333,0
17,0,25,46,23,9,229,4,0.173611111,0,0,3,1.2353,0
9,0,1,14,0,9,59,0,0.288888889,0,0,1,0.7778,0
10,3,12,29,9,6,151,1,0.37037037,0,0,1,0.6,2
5,0,0,7,0,5,32,0,0.46666666700000003,0,0,1,0.8,0
2,0,1,7,1,2,26,0,0.75,0,0,1,0.5,0
6,0,3,16,2,5,80,0,0.41666666700000005,0,0,3,1.1667,0
6,0,5,16,5,2,59,0,0.36,1,1,2,0.8333,0
3,0,0,13,0,3,57,0,0.444444444,0,0,1,0.6667,0
30,0,41,61,29,29,193,0,0.133333333,0,0,1,0.9667,3
1,0,5,1,1,1,1,0,1.0,0,0,1,1.0,0
15,1,7,25,6,12,139,1,0.276190476,0,0,2,1.0,0
6,0,11,27,11,3,115,2,0.46666666700000003,1,2,2,0.8333,2
8,0,5,12,3,7,68,0,0.541666667,0,0,2,1.25,0
9,0,9,28,9,7,224,4,0.275,0,0,4,1.3333,0
4,0,11,7,6,4,34,1,0.541666667,0,0,1,0.5,0
3,0,6,8,6,2,22,0,0.666666667,1,1,1,0.3333,0
13,0,34,77,33,2,672,0,0.305555556,2,2,5,2.1538,0
2,0,18,2,0,2,2,0,0.833333333,0,0,1,1.0,0
6,0,3,14,2,4,57,0,0.666666667,0,0,3,1.0,0
2,0,3,5,3,2,12,0,1.0,0,0,1,0.5,0
13,3,4,26,1,10,112,1,0.472222222,0,0,2,1.0769,1
7,0,6,12,4,5,52,0,0.30952381,1,4,2,1.0,0
2,0,2,2,1,2,2,0,1.0,0,0,1,1.0,0
49,0,20,93,17,42,620,3,0.128728414,0,0,6,1.4082,0
6,0,5,11,3,5,46,1,0.583333333,0,0,2,1.0,0
38,0,109,111,4,36,923,0,0.090733591,0,0,8,3.1579,5
7,0,10,14,5,5,45,1,0.428571429,1,1,1,0.8571,0
19,0,16,26,15,18,111,0,0.215277778,1,1,1,0.7895,0
57,0,14,94,13,45,738,0,0.125,0,0,6,1.2105,0
17,0,8,32,7,13,162,1,0.18300653600000003,0,0,3,1.1765,5
14,0,10,27,9,14,167,0,0.3,1,1,5,1.2857,1
4,0,10,17,9,3,71,2,0.833333333,0,0,1,0.5,0
1,0,0,1,0,1,1,0,1.0,0,0,1,1.0,0
12,0,7,22,7,12,63,1,0.106060606,0,0,1,0.9167,0
2,0,6,8,6,2,23,0,0.75,0,0,1,0.5,0
10,0,8,46,8,3,334,1,0.314814815,1,1,1,0.8,0
17,0,2,18,1,17,84,0,0.367647059,0,0,1,0.9412,0
2,0,3,4,3,2,11,0,0.833333333,0,0,0,0.0,0
8,1,31,42,30,6,207,1,0.35,0,0,1,0.875,0
1,0,6,1,2,1,1,0,1.0,0,0,1,1.0,0
1,0,0,1,0,1,1,0,1.0,0,0,1,1.0,0
15,0,5,22,5,13,113,0,0.35,2,6,2,0.9333,0
4,0,7,4,2,4,4,0,0.583333333,0,0,1,1.0,0
4,0,3,9,3,4,34,0,0.5,0,0,2,1.0,0
14,31,35,28,2,7,200,0,0.380952381,0,0,3,1.2143,1
4,0,8,10,4,3,31,0,0.3125,0,0,1,0.75,0
0,0,3,0,0,0,0,0,0.0,0,0,0,0.0,2
5,0,6,12,5,5,28,0,0.6,1,1,1,0.8,0
6,0,6,11,0,6,57,0,0.5,0,0,2,0.8333,0
1,0,4,1,3,1,1,0,1.0,0,0,1,1.0,0
6,0,2,14,0,6,52,0,0.5,0,0,1,0.6667,1
0,0,0,0,0,0,0,0,0.0,0,0,0,0.0,0
4,0,14,18,12,2,88,0,0.833333333,0,0,2,0.75,0
5,0,4,11,3,4,56,0,0.44,0,0,1,0.8,2
2,0,6,7,6,2,24,1,0.6,0,0,1,0.5,0
7,0,11,19,11,7,75,3,0.35714285700000004,0,0,1,0.8571,0
0,0,0,0,0,0,0,0,0.0,0,0,0,0.0,0
3,0,4,8,3,3,32,2,0.5555555560000001,0,0,1,0.6667,0
2,0,12,7,4,1,23,0,0.5,0,0,1,0.5,0
3,0,4,6,2,2,33,1,0.666666667,0,0,2,1.0,0
12,0,13,23,13,10,138,1,0.272727273,0,0,8,1.4167,0
3,0,8,11,7,2,41,0,0.75,0,0,1,0.3333,0
14,0,25,62,21,11,461,0,0.192307692,0,0,6,1.9286,0
3,0,4,8,4,1,26,1,0.5555555560000001,1,1,1,0.6667,0
3,0,3,6,3,3,13,0,0.333333333,0,0,1,1.0,0
3,1,9,15,8,1,52,0,0.666666667,2,2,1,0.6667,0
13,1,15,25,13,11,120,1,0.24175824199999998,0,0,1,0.7692,0
3,0,5,4,3,3,21,2,0.5,0,0,1,0.6667,0
3,0,4,5,4,3,12,0,0.833333333,0,0,1,0.6667,0
10,0,9,38,7,8,216,0,0.283333333,0,0,4,2.4,0
2,0,2,6,1,2,21,0,0.75,0,0,1,0.5,0
27,0,18,60,17,24,303,3,0.116049383,2,3,2,0.8889,7
5,0,4,5,0,5,5,0,1.0,0,0,1,1.0,1
9,0,4,17,4,5,125,2,0.444444444,0,0,2,1.0,0
10,0,3,16,2,10,69,1,0.425,0,0,1,0.7,0
10,0,9,18,9,10,68,0,0.35,1,1,1,0.8,0
2,0,3,2,1,2,2,0,1.0,0,0,1,1.0,0
7,0,10,25,2,6,166,0,0.5,0,0,1,0.5714,0
14,1,10,71,7,7,799,0,0.316239316,0,0,14,3.3571,3
6,0,4,9,4,5,41,0,0.41666666700000005,0,0,2,1.0,0
1,0,0,1,0,1,1,0,1.0,0,0,1,1.0,0
49,0,9,86,8,37,758,0,0.143939394,0,0,7,1.7143,0
10,0,7,17,6,10,82,1,0.375,1,1,2,0.8,1
4,0,7,17,6,4,78,1,0.4,0,0,2,1.0,0
3,0,63,3,2,3,3,0,0.5555555560000001,0,0,1,1.0,0
31,1,16,59,15,28,251,2,0.13399503699999998,0,0,2,1.0,3
9,0,35,101,35,3,571,2,0.234375,1,1,10,1.7778,0
17,0,9,20,7,13,99,1,0.235294118,1,3,1,0.8235,0
2,0,2,3,1,1,7,0,0.75,0,0,1,0.5,0
4,0,11,20,9,3,94,0,0.583333333,1,2,3,1.25,0
1,0,27,1,3,1,1,0,1.0,0,0,1,1.0,0
6,0,4,17,4,4,80,0,0.444444444,1,1,3,1.1667,0
29,0,5,56,5,29,342,0,0.199233716,1,3,1,0.8966,1
13,0,24,41,9,12,218,0,0.46153846200000004,0,0,2,1.2308,1
1,0,2,6,1,1,14,0,1.0,0,0,0,0.0,0
8,0,16,56,16,4,297,0,0.37142857100000004,0,0,6,2.25,0
6,0,6,15,6,4,54,1,0.444444444,1,1,1,0.8333,0
6,0,8,29,7,3,143,0,0.35714285700000004,0,0,1,0.6667,0
1,0,21,1,0,1,1,0,1.0,0,0,1,1.0,0
6,6,11,14,5,5,49,2,0.375,0,0,2,1.0,0
3,0,8,16,7,2,44,0,0.75,0,0,1,0.3333,0
12,3,8,25,7,8,102,1,0.226190476,0,0,2,1.1667,0
4,0,2,5,2,4,28,2,0.4375,0,0,1,0.75,0
20,0,18,53,17,14,299,2,0.16,1,1,2,1.05,0
4,2,5,24,3,1,93,0,0.4,0,0,4,1.5,0
2,2,7,4,5,2,17,1,0.875,0,0,0,0.0,0
2,0,4,4,4,1,9,0,0.75,1,1,1,0.5,0
1,0,2,2,1,1,5,0,1.0,0,0,0,0.0,0
3,0,2,6,1,3,16,0,0.7777777779999999,0,0,0,0.0,0
23,0,11,40,1,22,249,0,0.286956522,0,0,3,1.087,0
15,0,19,32,17,10,189,1,0.1875,0,0,1,0.8667,0
4,0,3,23,3,2,93,0,1.0,1,2,1,0.75,0
8,0,8,15,8,7,79,0,0.325,0,0,2,0.875,0
3,0,1,5,1,3,12,0,0.666666667,1,2,1,0.3333,0
4,3,10,8,0,4,20,0,0.666666667,0,0,0,0.0,0
2,0,4,6,4,2,18,0,1.0,0,0,1,0.5,0
3,0,4,8,4,2,24,0,0.444444444,1,2,1,0.6667,0
1,0,1,1,1,1,1,0,1.0,0,0,1,1.0,0
4,0,1,6,1,4,22,0,0.583333333,0,0,1,0.5,0
14,0,10,42,10,10,192,0,0.30612244899999996,0,0,2,1.0714,0
20,0,20,85,13,13,587,2,0.21052631600000002,0,0,9,1.7,0
25,0,14,39,10,20,204,0,0.246666667,1,3,1,0.88,0
15,0,1,18,0,12,106,0,0.37777777799999995,0,0,1,0.9333,0
5,0,6,13,2,3,67,0,0.36,0,0,2,1.0,0
7,0,10,15,9,4,61,0,0.261904762,1,1,1,0.8571,0
1,0,5,1,3,1,1,0,1.0,0,0,1,1.0,0
2,0,17,2,1,2,2,0,0.7,0,0,1,1.0,0
2,0,2,6,1,2,22,0,0.666666667,0,0,1,0.5,0
4,0,8,18,7,2,131,2,0.7777777779999999,0,0,3,1.5,0
10,0,5,29,5,5,235,1,0.42222222200000004,0,0,4,1.2,0
6,0,12,22,12,1,99,1,0.3,1,1,1,0.6667,0
9,0,21,46,21,2,272,1,0.28125,1,1,2,0.8889,0
10,0,15,40,12,5,177,0,0.271604938,0,0,5,1.5,2
64,2,28,127,25,50,1188,2,0.096119929,0,0,6,1.2031,4
12,0,19,57,18,7,479,1,0.418181818,0,0,17,3.25,0
9,0,5,20,5,7,87,1,0.311111111,1,2,1,0.6667,0
5,0,7,15,7,5,41,0,0.46666666700000003,2,3,1,0.6,1
3,0,3,10,3,2,30,0,0.666666667,0,0,1,0.3333,0
18,0,16,63,16,10,389,1,0.209150327,1,1,3,0.9444,0
9,0,7,17,7,9,78,1,0.40740740700000005,0,0,1,0.8889,0
5,0,9,21,9,3,91,1,0.44,2,5,1,0.8,0
4,0,6,7,5,4,23,0,0.5,0,0,1,0.75,0
0,0,0,0,0,0,0,0,0.0,0,0,0,0.0,0
11,0,12,34,11,4,180,1,0.2,1,1,3,1.0909,0
1,0,135,1,1,1,1,0,1.0,0,0,1,1.0,0
13,0,6,43,3,11,180,0,0.1,0,0,1,0.8462,2
31,0,24,52,23,31,165,3,0.148387097,0,0,1,0.9677,0
9,0,3,18,2,8,79,0,0.355555556,0,0,1,0.7778,0
7,0,29,58,29,3,190,2,0.41666666700000005,0,0,1,0.7143,0
8,0,12,33,11,3,304,2,0.37142857100000004,1,1,2,0.875,0
3,0,5,7,5,3,19,0,0.533333333,0,0,1,0.6667,0
11,0,8,30,4,11,163,0,0.4,0,0,4,1.2727,1
2,0,5,7,3,1,24,0,0.666666667,1,1,1,0.5,0
4,0,1,6,0,3,87,0,0.41666666700000005,0,0,2,1.0,0
3,0,6,10,6,3,41,0,0.833333333,0,0,2,1.0,1
7,0,3,17,1,7,66,0,0.39285714299999996,0,0,2,1.0,0
1,0,0,1,0,1,1,0,1.0,0,0,1,1.0,0
9,0,12,44,12,4,300,1,0.270833333,1,1,1,0.7778,0
5,0,10,16,8,4,61,1,0.45,1,1,3,0.8,2
13,0,6,24,4,13,123,0,0.292307692,1,2,1,0.8462,0
1,0,4,1,3,1,1,0,1.0,0,0,1,1.0,0
4,0,3,5,2,3,17,1,0.5,0,0,1,0.5,0
4,2,6,24,4,1,96,0,0.45,0,0,3,1.5,0
15,0,11,47,10,11,465,0,0.193333333,0,0,3,1.1333,0
5,0,8,11,5,5,39,0,0.7,0,0,1,0.8,0
8,0,14,17,7,6,69,1,0.3,1,1,2,1.0,0
18,0,13,37,13,17,162,0,0.17901234600000002,1,1,3,1.0556,0
12,1,13,35,12,3,217,1,0.261363636,0,0,4,1.0,0
1,0,1,2,1,1,6,0,1.0,0,0,0,0.0,0
52,3,31,121,28,45,737,2,0.106617647,0,0,7,1.0962,0
3,0,4,6,4,2,17,0,0.5,1,1,1,0.3333,0
9,0,3,15,3,8,82,2,0.41666666700000005,1,2,3,0.8889,0
13,0,4,23,3,13,70,1,0.326923077,0,0,1,0.9231,0
15,0,14,46,14,8,217,0,0.261904762,2,3,2,0.8667,0
2,0,5,14,4,2,47,0,0.75,0,0,1,0.5,3
3,0,1,20,0,2,106,0,0.7777777779999999,0,0,9,3.6667,0
3,0,6,5,3,3,12,0,0.666666667,1,2,1,0.6667,1
9,7,11,17,4,5,125,2,0.444444444,0,0,2,1.0,0
2,0,6,3,2,2,7,0,0.75,0,0,1,0.5,1
2,0,4,4,4,1,9,0,0.75,1,1,1,0.5,0
3,0,2,15,1,0,63,0,0.5,0,0,1,0.6667,0
7,1,9,13,5,5,41,1,0.47619047600000003,1,1,1,0.7143,0
8,0,5,12,5,8,66,1,0.34375,1,2,4,1.25,0
8,27,32,16,5,6,47,1,0.34375,1,1,1,0.875,0
13,0,16,26,14,12,80,0,0.326923077,0,0,1,0.9231,2
16,1,7,30,5,12,151,2,0.26666666699999997,0,0,4,1.3125,0
44,0,12,72,8,44,345,0,0.261363636,1,2,1,0.9773,3
4,1,1,9,0,4,27,0,1.0,0,0,1,0.75,0
9,1,11,23,8,7,127,1,0.375,0,0,2,0.6667,0
1,0,5,1,0,1,1,0,1.0,0,0,1,1.0,0
6,0,20,55,18,3,323,0,0.457142857,0,0,4,1.6667,0
24,0,23,43,23,24,127,3,0.180555556,0,0,1,0.9583,0
15,1,14,29,10,12,169,5,0.35,0,0,3,1.2,0
4,0,13,7,1,2,89,7,0.444444444,1,1,1,0.5,1
7,0,4,9,3,7,48,2,0.39285714299999996,0,0,3,1.0,0
3,0,7,15,7,1,45,0,0.5555555560000001,1,3,1,0.6667,0
14,0,9,37,9,13,236,1,0.257142857,1,15,6,1.5,1
7,2,7,10,5,4,44,0,0.28571428600000004,0,0,3,1.0,0
4,0,1,6,1,3,21,0,0.625,2,2,1,0.75,0
1,0,11,1,2,1,1,0,1.0,0,0,1,1.0,0
6,0,5,10,5,5,43,0,0.444444444,0,0,1,0.5,0
1,0,5,1,2,1,1,0,1.0,0,0,1,1.0,0
2,0,6,7,4,1,21,0,0.5,0,0,1,0.5,0
1,0,30,1,0,1,1,0,1.0,0,0,1,1.0,0
4,0,6,4,2,4,5,0,0.5625,0,0,1,1.0,0
2,1,9,9,8,1,26,0,0.666666667,1,1,1,0.5,0
2,0,7,6,7,1,19,0,0.666666667,1,1,1,0.5,0
3,0,3,5,1,3,17,1,0.666666667,0,0,1,0.6667,0
23,0,19,33,18,23,247,3,0.24154589399999998,1,2,2,1.0,0
3,0,10,22,9,2,141,1,0.666666667,0,0,6,2.0,1
16,0,9,43,4,14,273,0,0.4875,0,0,1,0.875,1
2,0,2,6,1,2,21,0,0.75,0,0,1,0.5,0
9,1,7,18,6,7,66,1,0.38888888899999996,1,1,1,0.7778,1
5,0,4,8,4,4,35,0,0.44,0,0,1,0.6,0
141,13,102,286,69,130,1747,3,0.057142857000000005,0,0,6,1.156,17
5,0,8,19,7,2,63,1,0.4,2,4,1,0.6,0
2,0,2,19,1,2,121,0,0.666666667,0,0,13,6.5,0
11,0,11,17,11,8,73,0,0.25,0,0,1,0.7273,0
2,0,2,2,1,2,2,0,1.0,0,0,1,1.0,0
3,0,6,4,4,3,10,0,0.5555555560000001,0,0,1,0.6667,0
3,0,12,3,1,3,3,0,0.833333333,0,0,1,1.0,0
11,0,6,22,6,11,99,2,0.393939394,0,0,5,1.2727,0
3,0,1,5,1,3,12,0,0.666666667,1,2,1,0.3333,0
32,0,23,52,22,32,171,3,0.13636363599999998,0,0,1,0.9688,0
6,0,6,17,5,4,85,1,0.4,1,2,1,0.8333,1
13,0,9,35,8,9,214,2,0.307692308,1,1,8,1.3846,2
17,0,9,36,8,16,187,0,0.245098039,2,9,5,1.3529,0
4,0,3,22,3,2,86,0,0.4375,2,3,3,1.25,0
6,4,5,7,0,5,23,0,0.5,0,0,1,0.6667,0
9,2,16,44,14,2,217,0,0.37037037,0,0,2,1.0,0
4,0,8,18,4,3,62,0,0.45833333299999995,0,0,3,1.25,0
4,0,10,19,10,3,76,0,0.25,0,0,1,0.75,0
7,0,7,26,6,5,84,2,0.28571428600000004,1,1,1,0.8571,2
6,0,4,23,4,1,102,0,0.6,2,2,2,0.8333,0
1,0,9,1,1,1,1,0,1.0,0,0,1,1.0,0
3,2,5,9,3,2,28,0,0.7777777779999999,1,1,1,0.6667,0
61,1,26,137,24,55,615,3,0.08916666699999999,2,4,5,1.0492,0
0,0,0,0,0,0,0,0,0.0,0,0,0,0.0,0
4,0,0,14,0,1,79,0,0.375,0,0,5,2.0,0
19,0,13,35,11,16,157,4,0.173684211,1,1,3,1.0526,2
26,1,9,47,5,24,236,1,0.258241758,0,0,2,1.0,3
0,0,0,0,0,0,15,0,0.0,0,0,0,0.0,0
12,4,12,30,7,8,172,1,0.25,0,0,3,1.1667,0
11,0,4,20,3,10,124,1,0.363636364,0,0,3,1.2727,0
22,0,163,22,1,22,22,0,0.25974026,0,0,1,1.0,0
12,0,15,28,12,7,152,2,0.25974026,0,0,2,0.75,0
3,0,3,8,2,3,29,0,0.666666667,0,0,1,0.6667,0
2,0,5,8,4,2,50,0,0.75,0,0,1,0.5,0
3,0,18,25,18,2,136,2,0.666666667,0,0,1,0.3333,0
7,0,11,21,5,6,90,0,0.375,0,0,2,1.0,0
14,0,4,33,4,13,231,0,0.26153846199999997,0,0,1,0.8571,0
2,0,4,12,3,2,52,0,0.666666667,0,0,3,1.5,0
2,0,2,3,2,2,7,0,0.75,0,0,1,0.5,0
2,1,9,3,4,2,5,0,0.75,0,0,1,0.5,0
43,0,9,101,7,35,792,1,0.261904762,0,0,1,0.8372,0
18,0,1,34,0,18,114,0,0.18333333300000001,0,0,2,1.0556,0
15,0,6,32,5,14,168,0,0.36666666700000006,1,2,2,0.9333,1
6,0,6,12,6,5,45,0,0.3,0,0,1,0.3333,0
6,0,10,42,10,5,203,0,0.4,0,0,1,0.6667,0
18,0,13,33,6,16,144,1,0.235294118,0,0,2,1.1111,0
1,0,12,1,1,1,1,0,1.0,0,0,1,1.0,0
3,0,1,5,1,3,12,0,0.666666667,1,2,1,0.3333,0
10,0,7,17,6,10,82,1,0.375,1,1,2,0.8,1
8,1,10,24,9,7,198,0,0.3125,0,0,4,1.125,0
16,0,3,24,3,15,134,0,0.175,0,0,1,0.8125,0
6,0,2,9,1,6,41,0,0.5,0,0,2,0.8333,0
10,2,9,18,7,10,86,3,0.28571428600000004,0,0,3,1.2,0
11,2,8,30,6,4,127,0,0.3,1,1,1,0.8182,0
13,2,18,53,14,8,340,1,0.21367521399999997,1,1,2,0.8462,4
62,1,50,135,40,48,1182,8,0.075260805,1,1,7,1.3548,6
14,2,17,21,9,11,106,2,0.265306122,1,1,2,0.8571,0
9,0,6,20,6,8,49,0,0.14285714300000002,0,0,1,0.8889,0
18,0,14,60,14,10,369,1,0.209150327,1,1,3,0.9444,0
8,0,14,26,11,5,142,3,0.39285714299999996,1,1,3,1.0,0
6,0,3,6,0,6,6,0,0.5555555560000001,0,0,1,1.0,0
5,0,6,9,1,3,75,5,0.41666666700000005,1,1,1,0.6,0
3,0,4,9,3,3,23,0,1.0,1,1,1,0.6667,0
1,0,8,1,1,1,1,0,1.0,0,0,1,1.0,0
2,0,4,4,4,2,10,0,0.666666667,0,0,1,0.5,0
3,0,10,25,10,2,136,0,0.5,1,1,2,1.0,0
1,0,0,1,0,1,1,0,1.0,0,0,1,1.0,0
1,0,43,1,0,1,1,0,1.0,0,0,1,1.0,0
3,0,4,5,4,3,18,0,0.833333333,0,0,1,0.6667,0
11,0,4,22,3,10,86,0,0.181818182,0,0,1,0.9091,2
14,0,9,18,6,11,71,0,0.33928571399999996,1,3,1,0.8571,0
14,0,7,25,6,12,131,1,0.33846153799999995,1,2,4,1.0,0
3,9,9,4,0,3,14,0,0.666666667,0,0,1,0.6667,0
2,0,5,10,4,2,58,0,0.75,0,0,1,0.5,0
3,0,12,17,12,1,67,0,0.666666667,1,3,1,0.6667,1
6,0,4,10,3,6,46,0,0.333333333,0,0,1,0.8333,0
3,0,2,4,1,3,15,0,0.666666667,0,0,1,0.6667,0
118,0,38,198,28,111,1327,2,0.081871345,0,0,32,1.5169,0
20,0,8,30,8,20,148,0,0.20625,0,0,2,0.95,0
11,0,8,22,6,7,98,0,0.283333333,1,4,3,1.0909,0
6,0,12,23,11,4,90,1,0.44,0,0,1,0.5,0
3,0,3,16,2,1,60,0,0.5,0,0,3,1.0,0
13,1,3,28,0,13,140,0,0.384615385,0,0,1,0.6923,2
3,0,5,5,4,3,24,0,1.0,0,0,1,0.6667,0
21,1,22,36,16,21,175,3,0.158730159,1,1,3,1.0952,0
3,1,5,10,2,3,33,1,0.583333333,0,0,1,0.3333,0
2,0,9,2,1,2,2,0,0.75,0,0,1,1.0,0
1,0,7,1,2,1,1,0,1.0,0,0,1,1.0,0
1,0,2,3,1,1,7,0,1.0,0,0,0,0.0,0
4,0,4,15,2,1,226,0,0.333333333,0,0,6,1.75,0
5,0,9,11,8,5,53,0,0.342857143,0,0,1,0.6,0
10,0,7,18,4,10,63,1,0.32,0,0,1,0.9,0
23,0,24,41,23,23,127,3,0.178743961,0,0,1,0.9565,0
1,3,4,2,0,1,7,0,1.0,0,0,0,0.0,0
4,2,10,20,8,1,85,0,0.5,0,0,5,2.0,0
13,1,14,52,13,3,341,2,0.240384615,0,0,5,1.2308,0
3,3,6,12,3,2,47,0,0.666666667,0,0,1,0.6667,0
7,0,9,22,8,1,137,0,0.5,0,0,9,2.2857,0
4,0,5,7,1,2,45,3,0.444444444,1,1,1,0.5,0
2,1,3,10,2,1,44,0,0.75,1,1,2,1.0,0
1,0,2,3,1,1,7,0,1.0,0,0,0,0.0,0
3,0,8,18,6,2,59,0,0.666666667,0,0,1,0.3333,1
3,0,4,8,2,3,32,1,0.5555555560000001,0,0,1,0.6667,0
34,0,19,47,17,33,261,2,0.16161616199999998,1,2,2,0.9706,0
1,0,2,2,1,1,5,0,1.0,0,0,0,0.0,0
1,0,3,1,1,1,1,0,1.0,0,0,1,1.0,0
2,0,4,4,4,1,11,0,0.666666667,1,1,1,0.5,0
6,0,24,65,24,5,342,1,0.4,0,0,13,4.1667,0
1,0,7,1,2,1,1,0,1.0,0,0,1,1.0,0
4,0,50,4,5,4,4,0,0.5,0,0,1,1.0,0
4,6,8,12,2,3,37,0,0.5625,0,0,2,1.0,0
9,0,11,58,11,1,377,1,0.291666667,2,4,1,0.7778,0
10,0,10,28,5,10,136,1,0.257142857,0,0,2,0.9,0
2,0,6,11,6,1,39,0,0.666666667,1,2,1,0.5,0
20,0,10,24,8,16,114,1,0.22142857100000002,1,3,1,0.85,0
8,0,5,21,4,7,94,1,0.47619047600000003,0,0,4,1.75,1
9,0,9,36,3,8,166,0,0.25,0,0,4,1.1111,0
4,0,6,4,2,4,4,0,0.55,0,0,1,1.0,0
3,0,8,12,8,2,39,0,0.666666667,1,1,1,0.6667,0
4,0,1,12,0,4,52,0,0.5,0,0,1,0.75,0
3,0,3,6,2,3,14,0,1.0,0,0,1,0.6667,1
7,0,30,33,29,3,180,0,0.28571428600000004,1,4,1,0.5714,0
28,0,8,44,7,27,248,0,0.13636363599999998,0,0,4,1.1429,0
7,0,2,9,2,6,39,1,0.314285714,1,1,1,0.7143,0
5,0,9,10,6,5,30,0,0.36,1,1,1,0.6,1
8,0,8,32,8,7,159,0,0.267857143,0,0,2,1.0,0
5,0,17,61,16,3,295,0,0.314285714,1,1,18,5.0,0
4,0,7,8,6,4,27,0,0.4375,1,1,1,0.75,0
4,0,3,11,2,3,45,0,0.625,1,1,1,0.75,0
2,0,4,6,4,2,18,0,1.0,0,0,1,0.5,0
32,0,20,55,18,32,273,6,0.10546875,0,0,2,1.0,4
13,0,14,44,13,4,223,1,0.305555556,1,1,3,1.1538,2
4,0,10,17,9,3,71,2,0.833333333,0,0,1,0.5,0
8,0,11,14,10,8,57,0,0.303571429,0,0,1,0.625,0
20,0,5,37,4,18,341,0,0.3875,0,0,30,2.5,2
10,0,8,22,8,10,87,1,0.32,2,3,2,0.9,3
7,0,5,26,4,5,95,0,0.433333333,1,3,2,1.0,0
9,0,13,31,11,6,162,1,0.325,0,0,3,1.4444,0
3,0,5,3,1,3,3,0,0.666666667,0,0,1,1.0,1
11,0,1,17,0,11,105,0,0.409090909,0,0,3,1.2727,0
3,0,3,8,2,3,29,0,0.666666667,0,0,1,0.6667,0
33,2,30,62,23,31,327,3,0.123376623,1,1,3,1.0,0
3,0,6,6,6,2,21,1,0.666666667,0,0,1,0.3333,0
2,0,12,18,11,1,74,0,0.666666667,1,1,1,0.5,0
1,0,1,1,0,1,1,0,1.0,0,0,1,1.0,0
18,0,4,35,4,16,200,0,0.311111111,1,2,5,1.2778,0
21,0,14,25,7,16,119,1,0.217687075,1,3,1,0.8571,0
2,0,4,4,4,1,11,0,0.666666667,1,1,1,0.5,0
3,0,3,5,3,1,25,0,0.7777777779999999,1,2,1,0.6667,0
1,0,0,1,0,1,1,0,1.0,0,0,1,1.0,0
15,0,8,38,6,14,164,0,0.28,2,8,3,1.2667,0
6,0,2,11,1,6,45,0,0.41666666700000005,0,0,2,0.8333,0
20,0,9,40,7,16,275,0,0.33,0,0,9,1.45,3
11,1,8,20,4,11,117,1,0.363636364,2,4,3,1.0909,0
8,0,12,11,12,8,47,1,0.25,1,1,1,0.875,0
6,0,8,14,7,6,54,0,0.433333333,0,0,2,1.0,0
6,0,4,12,4,5,29,0,0.25,0,0,1,0.8333,0
1,1,5,2,4,1,11,1,1.0,0,0,0,0.0,0
9,1,11,15,9,7,61,1,0.27777777800000003,1,2,1,0.8889,0
2,0,10,12,8,2,49,2,0.583333333,0,0,1,0.5,2
2,0,3,5,3,1,17,0,0.666666667,1,2,1,0.5,0
3,0,5,6,5,3,18,0,0.5555555560000001,0,0,1,0.6667,0
2,0,6,2,4,2,2,0,0.666666667,0,0,1,1.0,0
4,0,3,28,2,4,152,0,0.41666666700000005,0,0,2,1.25,0
1,0,0,1,0,1,1,0,1.0,0,0,1,1.0,0
1,0,3,1,0,1,1,0,1.0,0,0,1,1.0,0
1,0,0,2,0,1,4,0,1.0,0,0,0,0.0,0
1,0,6,1,3,1,1,0,1.0,0,0,1,1.0,0
4,0,1,13,1,3,47,0,0.5,0,0,2,0.75,1
26,0,389,26,4,26,26,0,0.157692308,0,0,1,1.0,4
2,0,2,3,1,2,7,0,1.0,0,0,1,0.5,0
22,0,2,41,1,22,180,0,0.171717172,0,0,7,1.2273,2
3,0,9,3,2,3,3,0,1.0,0,0,1,1.0,0
5,0,8,18,7,2,83,0,0.44,1,2,3,1.4,0
5,0,3,13,2,3,67,0,0.36,0,0,2,1.0,0
6,0,5,27,4,5,163,1,0.36,0,0,15,3.0,0
5,0,4,5,1,5,5,0,0.55,0,0,1,1.0,0
4,4,10,14,6,3,52,0,0.5,0,0,2,1.0,0
13,0,9,60,9,8,260,1,0.305555556,2,3,3,0.8462,0
1,0,0,1,0,1,1,0,1.0,0,0,1,1.0,0
9,0,10,13,9,9,92,1,0.355555556,0,0,1,0.6667,2
33,0,17,49,16,27,284,1,0.137741047,0,0,2,1.0909,0
12,2,14,47,12,3,306,0,0.218181818,0,0,4,1.6667,0
12,0,6,24,5,7,145,0,0.260416667,1,2,2,1.0833,0
16,0,9,25,7,16,119,1,0.359375,1,2,3,1.0,0
2,0,5,6,0,2,20,0,0.75,0,0,1,0.5,0
2,0,4,4,3,2,9,0,1.0,0,0,1,0.5,0
4,0,4,7,4,3,28,0,0.4375,1,1,1,0.75,0
15,0,13,22,4,14,129,1,0.36666666700000006,1,1,4,1.2,0
1,0,3,6,2,1,13,0,1.0,0,0,0,0.0,0
4,0,1,6,0,3,37,0,0.45,0,0,2,0.75,0
25,0,32,54,29,25,202,1,0.14,0,0,1,0.96,0
15,0,10,30,9,13,129,0,0.314285714,0,0,4,1.0,0
2,0,2,2,0,2,2,0,1.0,0,0,1,1.0,0
3,0,1,5,1,3,12,0,0.666666667,1,2,1,0.3333,0
27,20,41,48,12,20,278,3,0.15925925900000001,1,1,5,1.3333,2
0,0,1,0,0,0,0,0,0.0,0,0,0,0.0,0
8,0,4,15,3,8,89,1,0.34375,1,1,3,1.25,0
13,0,17,42,14,8,239,0,0.34375,1,1,2,1.0769,0
9,0,24,57,23,7,262,0,0.611111111,0,0,2,1.1111,0
0,0,1,0,0,0,0,0,0.0,0,0,0,0.0,0
3,0,5,6,3,3,31,1,0.5,0,0,1,0.6667,0
18,0,20,18,17,18,18,0,0.23809523800000001,0,0,1,1.0,0
6,0,14,28,12,3,213,0,0.4,1,1,1,0.6667,0
0,0,1,0,0,0,0,0,0.0,0,0,0,0.0,0
8,0,6,19,5,6,166,8,0.314285714,1,1,1,0.75,0
24,0,22,42,21,24,125,3,0.175925926,0,0,1,0.9583,0
24,1,25,80,20,16,444,5,0.14229249,1,1,5,1.5833,0
5,14,19,15,4,3,53,0,0.5,1,3,3,1.2,0
2,0,4,8,4,1,18,0,0.666666667,1,2,1,0.5,0
6,0,4,7,1,6,41,1,0.36666666700000006,0,0,1,0.8333,0
1,0,0,1,0,1,1,0,1.0,0,0,1,1.0,0
13,0,34,71,34,9,247,3,0.333333333,0,0,1,0.8462,0
1,0,6,1,2,1,1,0,1.0,0,0,1,1.0,0
6,0,2,15,2,5,44,0,0.333333333,0,0,1,0.8333,0
0,0,0,0,0,0,0,0,0.0,0,0,0,0.0,0
2,0,8,8,7,2,31,0,0.625,0,0,2,1.0,1
3,0,4,9,3,3,21,0,0.533333333,0,0,1,0.6667,1
6,0,7,17,7,3,62,1,0.45833333299999995,1,1,1,0.8333,0
7,0,10,22,10,2,88,3,0.3,1,1,1,0.7143,0
1,0,8,1,1,1,1,0,1.0,0,0,1,1.0,0
9,0,7,24,7,5,96,0,0.375,0,0,1,0.6667,0
9,0,6,34,5,8,185,0,0.333333333,0,0,4,1.8889,0
21,0,22,49,20,21,280,6,0.12244898,0,0,6,1.381,1
12,0,13,30,13,9,145,1,0.333333333,1,1,2,1.0,0
5,0,0,7,0,5,29,0,0.46666666700000003,0,0,1,0.8,0
14,0,17,32,16,14,142,2,0.2,0,0,2,0.8571,0
8,2,8,22,5,1,108,0,0.4,0,0,5,1.875,0
3,2,6,6,1,3,17,0,0.7777777779999999,0,0,0,0.0,0
13,0,12,24,10,13,97,0,0.282051282,0,0,3,1.0,0
3,0,1,5,1,3,12,0,0.666666667,1,2,1,0.3333,0
1,0,5,1,1,1,1,0,1.0,0,0,1,1.0,0
8,0,12,28,10,5,111,1,0.333333333,0,0,4,1.25,2
18,0,16,45,15,13,258,3,0.165775401,0,0,5,1.4444,0
2,0,4,5,3,2,17,0,0.666666667,0,0,1,0.5,0
22,0,21,40,20,22,114,3,0.181818182,0,0,1,0.9545,0
4,0,3,5,3,4,22,1,0.5,0,0,1,0.75,0
8,1,14,66,12,2,380,1,0.321428571,0,0,11,2.125,1
6,0,8,32,8,1,161,1,0.36,1,1,6,1.5,0
12,0,13,26,10,8,121,2,0.233766234,1,1,2,0.8333,0
3,0,19,3,3,3,3,0,0.5,0,0,1,1.0,1
11,0,13,24,12,11,101,4,0.272727273,0,0,1,0.9091,0
0,0,0,0,0,0,0,0,0.0,0,0,0,0.0,0
2,0,6,2,0,2,2,0,1.0,0,0,1,1.0,0
12,2,21,20,11,7,83,1,0.333333333,0,0,1,0.5,0
1,0,4,1,1,1,1,0,1.0,0,0,1,1.0,0
15,7,13,33,6,11,163,0,0.20535714300000002,1,1,2,0.8667,0
24,0,23,44,22,24,133,3,0.1625,0,0,1,0.9583,0
4,0,11,12,11,3,61,0,0.45,1,2,1,0.75,0
1,0,3,1,1,1,1,0,1.0,0,0,1,1.0,0
5,0,8,12,5,5,28,0,0.6,1,1,1,0.8,0
5,0,7,16,7,3,61,0,0.4375,1,1,1,0.6,0
2,0,4,2,2,2,2,0,0.625,0,0,1,1.0,0
1,0,5,1,1,1,1,0,1.0,0,0,1,1.0,0
2,0,3,4,3,1,12,0,0.666666667,1,1,1,0.5,0
3,0,6,9,4,2,19,0,0.333333333,0,0,1,0.6667,0
9,0,7,17,7,6,131,2,0.333333333,0,0,1,0.6667,0
2,0,3,4,3,1,12,0,0.666666667,1,1,1,0.5,0
6,0,2,11,1,6,45,0,0.41666666700000005,0,0,2,0.8333,0
10,14,27,19,4,7,81,1,0.5,1,1,1,0.8,0
6,0,7,19,6,4,68,0,0.375,2,4,2,1.0,0
4,0,5,8,5,3,29,0,0.4,1,1,1,0.5,0
3,0,6,8,4,2,23,0,0.5,0,0,1,0.6667,0
2,0,1,2,0,2,2,0,1.0,0,0,1,1.0,0
2,0,4,8,4,2,22,1,0.666666667,0,0,1,0.5,0
4,0,0,8,0,3,19,0,0.5,0,0,1,0.75,0
6,0,11,39,10,3,189,0,0.333333333,0,0,5,1.3333,0
1,0,5,1,0,1,1,0,1.0,0,0,1,1.0,0
3,0,3,7,2,3,21,0,0.666666667,0,0,1,0.6667,0
10,7,17,26,6,6,156,1,0.26666666699999997,0,0,3,1.2,1
2,0,5,2,1,2,2,0,0.75,0,0,1,1.0,0
4,0,5,6,4,3,21,0,0.5,1,1,1,0.75,0
4,0,2,16,0,4,92,0,0.75,0,0,4,1.5,0
1,0,1,2,1,1,4,0,1.0,0,0,0,0.0,0
42,14,27,78,11,33,489,7,0.118466899,0,0,4,1.5238,1
1,0,4,1,3,1,1,0,1.0,0,0,1,1.0,0
1,0,5,1,3,1,1,0,1.0,0,0,1,1.0,0
15,0,15,37,13,14,209,1,0.20952381,1,1,2,1.0667,3
8,0,2,28,1,8,146,0,0.4,0,0,4,1.5,0
5,0,6,15,5,4,50,1,0.333333333,2,6,2,1.0,2
13,0,16,27,11,10,119,3,0.185185185,1,1,2,0.9231,0
3,0,3,11,2,2,34,0,0.666666667,1,1,1,0.6667,0
17,0,31,91,26,7,741,3,0.275,0,0,10,2.8235,7
7,0,11,16,7,7,45,0,0.39285714299999996,3,4,1,0.5714,1
4,0,2,12,2,3,37,0,0.5625,0,0,2,1.0,0
2,0,3,6,3,2,14,0,0.666666667,0,0,1,0.5,0
5,0,2,10,2,5,57,0,0.3,0,0,2,1.0,0
8,0,13,37,13,6,161,1,0.25,0,0,1,0.875,0
2,0,7,9,7,2,48,0,0.6,1,1,4,2.0,0
15,0,21,48,20,10,243,4,0.214285714,1,1,6,1.2667,0
4,0,7,16,6,2,68,0,0.5,0,0,1,0.5,0
19,0,31,83,31,10,500,5,0.212962963,1,1,9,1.5263,0
6,0,3,9,3,4,34,0,0.375,1,1,2,1.0,1
19,0,9,20,7,15,105,1,0.233082707,1,3,1,0.8421,0
6,1,6,12,5,6,39,1,0.30952381,0,0,1,0.8333,0
1,0,0,1,0,1,1,0,1.0,0,0,1,1.0,0
26,15,42,51,10,21,326,3,0.205128205,0,0,3,1.1923,0
3,0,5,18,3,3,65,0,0.41666666700000005,0,0,4,1.6667,0
2,0,53,2,0,2,2,0,0.833333333,0,0,1,1.0,0
3,0,9,8,5,3,26,1,0.5,0,0,1,0.3333,1
41,0,6,54,1,41,507,0,0.29756097600000003,0,0,1,0.9268,0
23,0,7,34,6,21,230,0,0.402173913,2,6,4,0.9565,0
4,0,12,16,12,2,109,1,0.4,1,1,2,1.0,0
9,0,13,46,13,3,310,1,0.23214285699999998,1,1,1,0.7778,0
15,0,10,32,9,15,119,1,0.177777778,0,0,1,0.9333,0
3,0,4,8,4,2,30,0,0.5,1,2,1,0.3333,5
18,0,8,43,8,14,260,0,0.27777777800000003,2,7,4,1.3333,0
2,0,4,7,2,2,23,0,0.666666667,0,0,1,0.5,0
8,0,6,28,5,5,183,0,0.404761905,1,2,3,1.625,0
11,3,13,16,2,10,93,1,0.327272727,0,0,1,0.8182,0
5,0,13,20,12,2,66,0,0.472222222,0,0,1,0.4,0
4,0,2,6,1,4,24,0,0.75,1,2,1,0.5,1
4,0,7,8,5,4,31,1,0.4375,0,0,1,0.75,2
2,0,8,8,8,2,56,0,0.6,1,1,6,3.0,0
3,0,4,9,3,3,27,1,0.5555555560000001,0,0,1,0.6667,0
2,0,3,3,1,2,7,0,0.666666667,0,0,1,0.5,0
12,1,40,73,39,9,566,0,0.256944444,0,0,6,2.0833,0
1,0,7,4,5,1,12,0,1.0,0,0,0,0.0,1
9,0,6,13,5,8,59,0,0.518518519,1,4,2,0.7778,1
3,0,1,9,1,3,33,0,0.5555555560000001,0,0,1,0.6667,0
3,0,4,19,0,2,201,0,0.333333333,0,0,9,5.6667,0
10,0,5,20,4,8,121,1,0.35,1,2,3,1.2,0
30,0,13,73,12,27,380,2,0.11428571400000001,0,0,3,1.0333,0
3,0,2,15,0,2,91,0,0.444444444,0,0,7,3.3333,1
2,0,7,5,7,2,27,0,0.6,0,0,1,0.5,0
3,0,16,3,2,3,3,0,0.666666667,0,0,1,1.0,0
4,0,4,7,1,2,100,8,0.444444444,1,1,1,0.5,0
1,0,262,1,1,1,1,0,1.0,0,0,1,1.0,0
5,0,7,14,6,5,34,0,0.46666666700000003,2,4,1,0.6,1
1,0,1,1,0,1,1,0,1.0,0,0,1,1.0,0
23,0,18,60,16,18,312,1,0.20202020199999998,1,5,2,0.9129999999999999,0
4,0,6,24,5,2,121,0,0.4,0,0,6,2.25,2
15,0,3,59,1,13,519,0,0.28,0,0,5,1.5333,1
6,0,7,8,6,6,28,1,0.41666666700000005,0,0,1,0.8333,0
7,0,9,12,6,7,35,0,0.47619047600000003,0,0,1,0.8571,0
2,0,7,5,3,1,30,0,0.666666667,1,1,2,1.0,0
3,0,1,5,1,3,12,0,0.666666667,1,2,1,0.3333,0
1,0,0,1,0,1,1,0,1.0,0,0,1,1.0,0
2,0,26,2,0,2,2,0,1.0,0,0,1,1.0,0
5,2,9,22,7,1,145,0,0.5,0,0,4,1.8,0
2,0,6,6,5,2,22,0,0.6,0,0,1,0.5,0
24,0,17,48,8,19,238,2,0.223602484,0,0,3,1.1667,0
19,2,12,47,10,12,297,4,0.1875,1,1,2,1.0526,6
2,0,3,5,3,1,12,0,0.666666667,1,1,1,0.5,0
2,0,3,5,3,1,13,0,1.0,0,0,0,0.0,1
2,0,4,4,4,1,9,0,0.75,1,1,1,0.5,0
2,0,5,6,5,2,30,2,0.625,0,0,1,0.5,0
5,0,10,24,10,1,119,2,0.4375,1,1,3,1.0,0
2,0,5,4,4,1,9,0,0.75,1,1,1,0.5,0
3,0,7,11,6,2,48,0,0.75,0,0,1,0.3333,0
13,0,176,13,7,13,13,0,0.243589744,0,0,1,1.0,2
8,0,4,20,4,7,83,1,0.25,0,0,2,1.0,0
6,0,10,26,9,1,112,0,0.541666667,1,2,4,1.6667,0
11,0,4,32,4,10,114,0,0.36666666700000006,0,0,1,0.8182,0
2,0,4,4,3,2,9,0,1.0,0,0,1,0.5,0
20,0,13,69,10,14,425,1,0.190789474,2,5,4,1.45,0
2,0,0,7,0,1,22,0,0.5,0,0,2,1.0,0
23,0,22,40,21,23,118,3,0.178743961,0,0,1,0.9565,0
15,0,5,32,2,14,210,0,0.226190476,0,0,3,1.1333,0
4,0,2,7,0,4,34,0,0.625,1,3,2,0.75,0
4,0,6,14,2,4,52,0,0.4375,0,0,2,1.0,0
5,0,0,6,0,5,24,0,0.46666666700000003,0,0,1,0.8,0
49,0,14,109,5,48,711,0,0.10906862699999999,0,0,2,1.0,0
2,2,6,4,2,2,13,0,0.875,0,0,0,0.0,0
6,0,8,16,6,6,39,0,0.375,2,3,1,0.5,1
3,0,0,6,0,3,12,0,0.833333333,0,0,1,0.6667,0
2,0,5,5,5,2,15,0,0.625,0,0,1,0.5,0
1,0,10,1,0,1,1,0,1.0,0,0,1,1.0,0
12,0,5,20,5,11,79,0,0.35416666700000005,1,2,2,0.8333,3
29,0,14,29,6,29,29,0,0.37164751,0,0,1,1.0,3
16,0,11,30,9,13,146,1,0.291666667,1,1,2,0.75,0
11,0,14,22,14,11,101,2,0.340909091,0,0,1,0.9091,0
1,0,3,1,1,1,1,0,1.0,0,0,1,1.0,0
3,0,1,41,1,1,221,0,0.333333333,0,0,1,0.6667,0
8,0,10,47,10,5,250,1,0.28571428600000004,0,0,6,1.5,2
9,0,3,20,1,7,100,0,0.541666667,0,0,4,1.2222,0
1,0,9,1,5,1,1,0,1.0,0,0,1,1.0,0
4,0,4,10,3,4,37,0,0.583333333,0,0,1,0.75,0
12,10,19,24,8,10,114,1,0.226190476,1,3,2,0.8333,0
14,0,21,43,13,13,208,1,0.26153846199999997,1,2,3,1.1429,0
4,8,12,10,2,3,39,1,0.625,0,0,1,0.5,0
3,0,8,15,8,1,49,0,0.666666667,2,2,1,0.6667,0
3,0,4,7,4,2,23,0,0.5,1,2,1,0.3333,0
1,0,3,1,0,1,1,0,1.0,0,0,1,1.0,0
21,0,19,86,18,15,407,1,0.210884354,2,3,3,1.0476,0
8,0,7,32,7,4,237,0,0.625,0,0,11,3.0,1
8,0,24,20,3,6,176,0,0.25,0,0,1,0.75,0
2,0,6,2,2,2,2,0,1.0,0,0,1,1.0,1
6,0,7,7,5,6,14,0,0.333333333,0,0,1,0.8333,0
7,1,2,8,1,7,40,0,0.642857143,0,0,2,1.1429,0
4,0,7,8,7,3,22,0,0.375,0,0,1,0.75,0
9,0,8,24,8,7,108,1,0.333333333,2,3,1,0.6667,0
23,0,13,49,13,21,266,0,0.17676767699999998,1,1,1,0.8696,1
8,0,15,19,15,7,73,0,0.3125,0,0,1,0.75,0
3,2,8,16,6,2,96,0,0.533333333,0,0,3,1.6667,0
10,0,6,27,5,8,168,2,0.25,2,2,3,1.1,0
8,0,7,33,7,1,415,0,0.390625,1,1,8,3.625,0
3,0,16,7,5,3,47,0,0.41666666700000005,0,0,5,2.3333,0
1,0,6,4,2,1,9,0,1.0,0,0,0,0.0,0
6,2,6,12,4,4,38,0,0.666666667,1,1,1,0.8333,0
25,0,149,25,12,25,25,0,0.18,0,0,1,1.0,6
22,0,22,67,19,16,434,5,0.15584415599999998,1,1,13,1.5455,13
5,1,8,20,6,3,73,0,0.5,0,0,1,0.8,0
7,0,6,21,5,4,83,2,0.333333333,0,0,2,0.8571,0
3,0,3,9,1,3,44,0,0.666666667,0,0,1,0.3333,0
7,0,9,14,6,7,61,2,0.4,0,0,1,0.5714,0
26,0,18,56,9,24,278,2,0.146853147,1,2,3,1.0769,10
7,0,8,23,8,7,118,0,0.342857143,0,0,4,1.5714,0
27,0,29,60,17,24,348,1,0.16923076899999998,1,6,3,1.0741,0
38,0,21,63,21,36,358,1,0.144963145,1,1,2,0.9474,0
17,1,15,45,8,16,444,2,0.294117647,0,0,8,2.2941,1
5,0,8,19,7,4,56,1,0.5,0,0,1,0.4,1
8,6,12,16,6,3,55,0,0.333333333,0,0,2,0.625,0
12,0,28,61,27,11,392,2,0.25,0,0,9,1.9167,0
24,0,10,83,8,14,596,0,0.193236715,1,1,8,1.4167,0
5,0,12,5,4,5,5,0,0.36666666700000006,0,0,1,1.0,0
5,0,9,9,9,2,36,1,0.3,0,0,1,0.6,0
3,0,1,5,1,3,12,0,0.666666667,1,2,1,0.3333,0
8,0,10,27,10,4,120,0,0.291666667,0,0,1,0.75,0
2,0,8,2,2,2,2,0,0.666666667,0,0,1,1.0,0
9,0,11,56,9,3,268,0,0.272727273,0,0,3,1.1111,0
0,0,0,0,0,0,0,0,0.0,0,0,0,0.0,0
7,0,8,18,6,4,66,0,0.326530612,0,0,2,0.7143,1
11,0,12,43,11,1,197,0,0.4,1,4,9,1.6364,0
17,0,9,35,8,11,180,3,0.22794117600000002,1,1,3,1.2353,0
11,0,5,16,4,11,77,0,0.484848485,1,2,1,0.7273,0
6,0,6,7,5,6,25,0,0.375,0,0,1,0.8333,0
3,0,16,34,13,2,461,0,0.666666667,0,0,4,2.0,1
9,0,4,12,4,9,50,0,0.5555555560000001,2,5,1,0.7778,1
2,0,0,2,0,2,2,0,1.0,0,0,1,1.0,0
2,0,6,3,4,2,14,0,0.625,0,0,1,0.5,0
15,0,20,30,19,13,120,1,0.192592593,0,0,2,1.0,0
15,0,11,42,1,14,214,0,0.2,0,0,4,2.4667,2
48,1,27,122,25,37,855,1,0.098784195,1,1,4,1.3958,0
2,0,3,5,2,2,17,0,0.666666667,0,0,2,1.0,0
14,0,6,18,5,14,81,5,0.297619048,0,0,1,0.9286,0
18,0,9,44,8,10,242,2,0.20588235300000002,0,0,5,1.3889,2
4,17,60,8,0,4,21,0,0.666666667,0,0,0,0.0,0
6,0,4,10,2,6,50,1,0.5,0,0,2,1.1667,0
5,0,7,14,6,3,60,0,0.44,1,2,1,0.8,0
18,0,7,35,4,15,315,0,0.26388888899999996,1,1,3,0.7778,2
4,0,9,12,4,4,41,1,0.4375,0,0,1,0.75,0
5,0,6,13,4,4,54,0,0.45,0,0,2,1.6,0
9,1,9,25,5,6,103,2,0.35,1,5,3,1.0,2
11,0,4,15,4,10,62,0,0.590909091,2,5,1,0.8182,0
2,0,2,6,1,2,20,0,0.75,0,0,1,0.5,0
4,0,16,7,5,4,22,0,0.5,0,0,1,0.75,0
9,0,59,23,2,7,242,9,0.375,1,1,4,1.8889,0
5,0,7,13,5,4,65,1,0.45,1,1,1,0.8,0
22,0,39,59,15,21,358,0,0.333333333,0,0,4,1.4545,1
1,0,5,1,0,1,1,0,1.0,0,0,1,1.0,0
3,0,2,7,0,2,22,0,0.444444444,0,0,1,0.6667,0
2,0,8,6,1,2,21,0,0.75,0,0,1,0.5,1
1,0,2,6,1,1,14,0,1.0,0,0,0,0.0,0
4,0,11,24,11,3,126,1,0.583333333,0,0,4,1.25,0
3,0,1,5,1,3,12,0,0.666666667,1,2,1,0.3333,0
0,0,0,0,0,0,0,0,0.0,0,0,0,0.0,0
4,0,10,18,9,3,81,0,0.4375,0,0,6,2.25,0
2,0,3,11,2,2,54,0,0.666666667,0,0,6,3.0,0
1,0,0,2,0,1,4,0,1.0,0,0,0,0.0,0
8,0,12,32,12,5,130,1,0.314285714,1,1,2,0.875,0
3,0,4,7,3,3,31,0,0.583333333,0,0,1,0.6667,0
4,2,7,14,5,0,61,0,0.4375,0,0,5,1.75,0
10,17,27,21,9,7,90,4,0.28,1,1,2,1.1,1
4,0,4,19,4,3,62,0,0.375,1,1,1,0.5,0
9,0,13,26,13,5,95,1,0.333333333,1,2,2,0.8889,0
6,0,7,13,6,4,46,1,0.375,1,1,1,0.8333,0
15,0,24,50,16,11,299,1,0.206349206,1,1,2,0.7333,2
2,0,3,3,2,2,12,1,0.75,0,0,1,0.5,0
2,0,3,4,3,2,11,0,0.833333333,0,0,0,0.0,1
16,0,17,29,14,16,150,0,0.21875,1,1,1,0.8125,0
11,0,16,52,15,1,248,0,0.4,1,4,10,1.9091,0
3,0,1,5,1,3,12,0,0.666666667,1,2,1,0.3333,0
4,0,6,16,5,3,50,0,0.46666666700000003,0,0,1,0.25,1
2,0,0,5,0,1,15,0,0.5,0,0,1,0.5,0
0,0,43,0,1,0,0,0,0.0,0,0,0,0.0,0
12,0,8,19,8,9,101,0,0.35416666700000005,1,1,3,1.1667,0
2,0,2,7,1,2,25,0,0.666666667,0,0,1,0.5,0
6,2,12,19,7,4,89,1,0.36666666700000006,0,0,2,1.1667,0
9,0,8,22,6,8,149,0,0.333333333,0,0,3,1.0,1
14,0,6,29,6,13,132,0,0.33928571399999996,2,7,2,1.1429,0
12,0,12,29,9,12,115,1,0.214285714,2,3,2,0.8333,3
22,13,20,38,5,17,196,0,0.272727273,1,2,3,1.4545,1
5,0,4,10,4,3,31,0,0.46666666700000003,1,1,1,0.8,0
5,0,7,16,7,4,57,1,0.533333333,0,0,1,0.8,0
4,0,9,12,6,4,47,0,0.41666666700000005,0,0,4,1.25,3
3,0,5,12,4,3,38,0,0.666666667,0,0,1,0.3333,0
4,0,1,8,1,4,36,0,0.875,0,0,2,1.0,0
7,0,8,13,7,5,59,0,0.46428571399999996,1,1,2,0.8571,0
1,0,3,1,0,1,1,0,1.0,0,0,1,1.0,0
4,0,6,8,6,3,27,0,0.625,0,0,1,0.75,0
9,0,9,43,9,2,218,1,0.325,2,2,1,0.7778,0
14,0,12,35,12,13,134,2,0.20535714300000002,0,0,4,1.1429,0
37,1,34,97,32,32,628,3,0.108974359,0,0,5,1.2432,0
5,0,11,31,10,3,125,1,0.37777777799999995,1,2,3,1.0,1
3,0,2,6,1,3,17,0,0.7777777779999999,0,0,0,0.0,0
10,0,0,22,0,9,66,0,0.25,0,0,2,1.0,0
7,0,2,13,1,7,108,1,0.571428571,0,0,3,2.0,0
3,0,3,9,2,3,31,0,0.5,0,0,1,0.6667,0
2,0,4,4,2,2,8,0,0.75,0,0,1,0.5,0
21,1,15,52,14,12,292,1,0.2,1,2,3,1.0,0
2,0,4,4,3,2,9,0,1.0,0,0,1,0.5,0
12,0,14,24,7,10,91,1,0.226190476,1,5,2,1.0833,3
6,0,4,15,4,4,71,0,0.375,1,1,2,1.0,0
1,0,7,1,1,1,1,0,1.0,0,0,1,1.0,0
1,0,0,2,0,0,12,0,1.0,0,0,0,0.0,0
24,0,18,56,15,20,280,2,0.244047619,1,2,4,1.0417,3
8,0,12,29,12,5,107,1,0.314285714,1,1,2,0.875,0
0,0,0,0,0,0,0,0,0.0,0,0,0,0.0,0
5,4,11,11,7,1,33,0,0.44,0,0,1,0.2,0
6,0,7,34,7,2,137,0,0.41666666700000005,0,0,2,1.0,0
7,0,3,12,2,7,59,1,0.5,0,0,1,0.8571,0
5,0,19,54,18,3,274,0,0.5,0,0,1,0.6,0
1,0,0,1,0,1,1,0,1.0,0,0,1,1.0,0
3,0,18,37,18,3,157,0,0.583333333,0,0,5,2.0,0
7,0,5,9,5,6,44,0,0.857142857,0,0,1,0.8571,0
5,0,6,9,6,4,36,0,0.4,1,1,1,0.8,0
4,0,3,7,1,2,111,9,0.444444444,1,1,1,0.5,0
26,0,16,53,15,24,182,1,0.158119658,0,0,2,1.0,0
47,1,20,75,16,39,529,3,0.232269504,1,1,7,1.2128,4
5,0,4,10,4,4,36,0,0.36,1,2,1,0.6,0
3,0,4,10,3,3,34,1,0.5555555560000001,0,0,1,0.6667,0
10,2,10,26,8,8,108,0,0.257142857,0,0,2,1.0,1
7,0,2,12,0,7,47,0,0.47619047600000003,0,0,1,0.7143,0
1,0,0,1,0,1,1,0,1.0,0,0,1,1.0,0
3,0,4,10,3,3,37,0,0.5,0,0,1,0.6667,0
5,1,5,8,2,4,29,0,0.583333333,0,0,1,0.6,0
2,0,4,10,4,2,27,0,0.666666667,0,0,1,0.5,0
26,0,17,54,16,25,279,2,0.13636363599999998,0,0,3,1.1154,2
1,0,5,1,2,1,1,0,1.0,0,0,1,1.0,0
4,5,8,11,3,3,38,0,0.5,0,0,2,1.0,2
2,0,5,5,4,1,23,0,0.5,0,0,3,1.5,0
6,0,6,13,5,6,58,0,0.5,0,0,2,0.8333,0
2,0,4,9,4,1,68,0,0.5,0,0,8,4.0,0
7,2,11,31,9,1,163,0,0.6,0,0,5,2.4286,0
7,0,12,28,12,2,227,1,0.333333333,1,1,3,1.0,0
2,0,22,2,2,2,2,0,1.0,0,0,1,1.0,0
1,0,4,1,1,1,1,0,1.0,0,0,1,1.0,0
2,0,4,2,0,2,2,0,1.0,0,0,1,1.0,0
2,0,2,3,1,2,10,0,0.75,0,0,0,0.0,1
4,0,7,17,6,4,39,0,0.625,0,0,1,0.75,0
24,6,27,55,14,20,207,1,0.128472222,1,3,2,0.9583,7
3,0,8,9,8,2,44,3,0.4,0,0,2,1.0,0
47,0,7,81,3,45,700,0,0.183510638,0,0,9,1.4468,0
3,0,4,9,3,3,47,0,0.5,0,0,2,1.0,0
3,0,1,5,1,3,12,0,0.666666667,1,2,1,0.3333,0
20,0,18,86,4,12,739,0,0.276315789,0,0,11,2.5,1
2,0,4,7,2,2,25,1,0.666666667,0,0,1,0.5,0
