wmc,cbo,rfc,ca,npm,lcom3,loc,dam,moa,cam,cbm,amc,max_cc,avg_cc,bug
8,6,14,2,7,1.0,39,1.0,2,0.39285714299999996,0,3.5,1,0.75,0
2,4,5,1,2,2.0,36,0.0,0,0.666666667,1,17.0,1,0.5,0
56,49,89,40,56,0.9564738290000001,583,1.0,24,0.1375,0,8.821428571,5,1.1964,0
4,0,8,0,4,2.0,20,0.0,0,0.666666667,0,4.0,0,0.0,0
3,3,8,3,3,1.5,73,0.0,0,0.833333333,0,22.0,3,1.0,0
16,38,91,23,13,0.7777777779999999,717,0.8888888890000001,7,0.28,0,43.25,15,1.9375,1
3,0,3,0,3,2.0,3,0.0,0,1.0,0,0.0,1,1.0,0
10,3,24,1,10,0.481481481,114,1.0,0,0.21111111100000002,1,10.1,3,1.0,0
3,2,7,2,3,1.5,30,0.0,0,0.833333333,0,8.666666667000001,3,1.0,0
3,5,8,0,2,1.0,27,1.0,0,1.0,0,7.666666667,1,0.3333,0
11,1,25,0,11,0.65,283,1.0,0,0.318181818,0,24.36363636,2,1.1818,0
4,12,22,1,4,0.583333333,1700,1.0,3,0.5,1,423.0,1,0.5,2
6,1,7,1,6,2.0,14,0.0,0,0.45833333299999995,1,1.333333333,1,0.8333,0
0,0,0,0,0,2.0,0,0.0,0,0.0,0,0.0,0,0.0,0
6,8,33,1,1,0.4,177,1.0,0,0.4,6,28.33333333,1,0.8333,0
3,6,9,2,3,0.0,35,1.0,0,0.5555555560000001,1,10.33333333,1,0.3333,0
14,3,15,3,14,2.0,17,0.0,0,0.28571428600000004,0,0.214285714,1,0.9286,0
2,0,3,0,2,2.0,5,0.0,0,1.0,0,1.5,1,0.5,0
22,20,145,0,15,0.867346939,1226,0.857142857,1,0.30612244899999996,2,54.09090909,10,2.3182,0
51,40,207,4,38,0.907222222,2594,1.0,9,0.092,0,49.15686275,41,4.1373,4
1,0,2,0,1,2.0,10,0.0,0,1.0,0,3.0,0,0.0,0
2,4,6,1,2,2.0,33,0.0,0,0.666666667,1,15.5,1,0.5,0
33,9,93,0,26,0.9008620690000001,995,1.0,2,0.1875,0,28.27272727,6,1.4848,0
6,4,12,3,6,0.2,40,1.0,0,0.583333333,0,5.5,1,0.8333,0
8,2,31,1,8,0.457142857,259,1.0,0,0.325,0,30.75,5,1.5,0
37,8,97,2,21,0.8954248370000001,981,1.0,3,0.242063492,3,25.05405405,11,2.7568,0
8,11,21,5,4,0.734693878,108,0.7142857140000001,2,0.428571429,0,11.625,2,0.75,1
4,0,5,0,4,0.666666667,28,1.0,1,0.5,0,5.25,1,0.75,0
2,5,8,1,2,0.0,32,0.0,0,0.625,0,14.5,1,0.5,0
2,0,3,0,2,2.0,5,0.0,0,1.0,0,1.5,1,0.5,0
0,3,0,3,0,2.0,0,0.0,0,0.0,0,0.0,0,0.0,0
9,19,46,3,5,0.4375,350,1.0,3,0.3125,0,37.44444444,1,0.7778,0
2,2,5,0,2,2.0,11,0.0,0,1.0,1,4.5,1,0.5,0
1,0,2,0,1,2.0,9,0.0,0,1.0,0,3.0,0,0.0,1
7,9,36,1,5,0.41666666700000005,181,0.5,0,0.444444444,0,24.57142857,1,0.7143,0
6,2,7,2,6,0.7,29,0.0,0,0.75,0,3.5,1,0.8333,0
11,2,23,1,11,0.7,167,0.0,1,0.318181818,0,13.72727273,2,1.0,0
10,4,11,3,10,1.111111111,24,0.0,0,0.34,0,0.3,1,0.9,0
42,26,98,10,41,0.948350072,962,1.0,0,0.25203252,7,21.5,10,1.5476,0
3,2,4,2,3,0.0,31,1.0,0,0.444444444,0,9.0,2,1.0,0
10,79,37,76,7,0.592592593,296,1.0,0,0.611111111,0,28.3,5,1.5,0
7,35,12,35,7,0.166666667,77,1.0,0,0.523809524,2,9.714285713999999,4,0.8571,0
4,2,9,1,2,0.25,91,0.0,1,0.625,0,20.75,5,2.0,0
4,2,6,1,4,1.0,21,1.0,1,0.4,2,4.0,1,0.75,0
5,0,6,0,5,2.0,8,0.0,0,0.533333333,0,0.6,1,0.8,0
30,14,71,2,22,0.780788177,836,1.0,6,0.162068966,0,26.4,6,1.6333,0
3,3,9,1,2,0.5,59,1.0,1,0.5555555560000001,0,18.33333333,2,1.0,0
5,18,5,18,5,2.0,5,0.0,0,0.7,0,0.0,1,1.0,0
7,4,25,1,7,0.5,331,1.0,0,0.342857143,2,46.0,5,1.0,0
4,2,11,0,4,0.0,56,1.0,0,0.625,2,12.75,1,0.75,0
10,2,20,1,9,0.38888888899999996,92,1.0,1,0.296296296,2,8.0,2,0.8,0
2,7,8,3,2,0.0,44,1.0,0,0.833333333,0,20.0,1,0.5,0
17,6,32,3,16,0.7125,378,1.0,0,0.8125,0,20.94117647,7,2.2353,0
3,2,11,1,3,0.0,52,1.0,0,0.5,0,16.0,1,0.6667,0
2,5,4,4,1,1.76744186,79,0.0,0,1.0,0,17.0,0,0.0,1
2,7,3,5,2,2.0,8,0.0,0,0.666666667,0,3.0,1,0.5,0
118,10,210,1,104,0.9285470090000001,1160,0.92,4,0.130536131,0,8.618644068,3,1.0424,1
1,0,2,0,1,2.0,23,0.0,0,1.0,0,3.0,0,0.0,1
2,2,4,0,1,1.0,9,1.0,0,1.0,0,3.0,0,0.0,0
8,0,35,0,7,2.0,343,0.0,0,0.525,0,41.875,6,1.75,0
16,6,42,5,13,0.644444444,287,1.0,0,0.18666666699999998,0,16.75,7,1.8125,0
8,4,35,2,6,0.666666667,204,1.0,2,0.28571428600000004,0,23.75,3,1.625,0
34,19,34,19,34,2.0,34,0.0,0,0.21008403399999998,0,0.0,1,1.0,0
4,4,4,2,4,2.0,4,0.0,0,0.6,0,0.0,1,1.0,0
5,2,11,1,5,0.75,37,1.0,1,0.36,1,6.2,1,0.8,0
2,0,2,0,2,2.0,2,0.0,0,1.0,0,0.0,1,1.0,0
41,17,92,6,20,0.84375,2453,1.0,2,0.194642857,0,58.73170732,10,3.7073,0
4,0,8,0,4,2.0,20,0.0,0,0.666666667,0,4.0,0,0.0,0
4,8,13,1,2,1.0,36,1.0,1,0.5555555560000001,0,7.5,1,0.5,0
9,1,10,0,9,2.0,12,0.0,0,0.444444444,0,0.333333333,1,0.8889,0
5,0,6,0,5,0.5,22,1.0,0,0.4,0,3.2,1,0.8,0
17,14,69,0,16,0.791666667,348,0.5,2,0.203125,3,19.11764706,3,1.4118,0
4,2,13,0,4,0.0,58,1.0,0,0.625,1,13.25,1,0.75,0
60,19,143,8,52,0.8250847459999999,1833,1.0,4,0.13700565,0,29.13333333,19,2.1833,1
13,12,25,12,13,0.9236111109999999,265,0.083333333,1,0.36923076899999996,0,18.46153846,5,1.4615,0
42,19,96,14,31,0.889135255,897,0.772727273,3,0.134146341,0,19.83333333,9,1.9286,0
1,4,2,4,1,2.0,4,0.0,0,1.0,0,3.0,0,0.0,0
2,3,3,1,2,2.0,8,0.0,0,0.666666667,0,3.0,1,0.5,0
7,1,13,1,5,0.5,221,1.0,2,0.428571429,0,29.85714286,7,3.2857,0
4,0,8,0,4,2.0,20,0.0,0,0.666666667,0,4.0,0,0.0,0
44,26,166,9,2,0.880620155,2361,1.0,7,0.141649049,0,52.31818182,11,2.0909,6
6,2,22,0,5,0.666666667,161,1.0,1,0.444444444,0,25.33333333,8,2.0,0
5,4,37,1,1,0.5,203,1.0,0,0.666666667,2,39.4,1,0.6,0
24,0,24,0,24,2.0,24,0.0,0,0.358333333,0,0.0,1,1.0,0
2,4,10,1,2,2.0,45,0.0,0,0.666666667,1,21.5,1,0.5,0
6,4,45,0,4,0.2,379,1.0,0,0.625,5,61.16666667,1,0.8333,0
5,0,8,0,5,0.5,31,1.0,0,0.6,0,5.0,1,0.2,0
9,0,17,0,7,0.875,98,1.0,3,0.288888889,0,9.555555556,12,2.1111,0
3,5,12,1,3,0.0,259,1.0,0,0.5555555560000001,1,85.0,1,0.3333,0
2,4,4,1,2,2.0,13,0.0,0,0.666666667,0,5.5,1,0.5,0
8,4,23,1,8,0.428571429,166,1.0,0,0.46875,1,19.375,1,0.5,0
38,14,144,0,26,0.895135135,2014,1.0,3,0.155405405,0,51.34210526,31,3.5526,0
14,2,34,0,14,0.7692307690000001,263,1.0,0,0.47619047600000003,1,17.35714286,1,0.9286,0
42,4,67,2,33,0.282229965,655,0.857142857,1,0.166297118,4,14.42857143,4,1.0238,0
4,19,76,1,1,0.5,640,1.0,1,0.666666667,1,158.5,5,1.5,1
5,23,9,19,5,0.375,183,1.0,2,0.4,0,35.2,6,2.2,0
8,3,15,3,7,0.5,84,1.0,0,0.5,0,9.25,4,1.75,0
8,16,65,1,2,0.857142857,408,1.0,1,0.428571429,0,49.625,10,3.25,0
5,12,26,0,5,1.25,142,1.0,0,0.4,3,27.2,1,0.8,1
20,15,89,6,17,0.796052632,826,1.0,5,0.133333333,0,39.5,10,1.6,1
1,20,1,19,1,2.0,1,0.0,0,1.0,0,0.0,1,1.0,0
5,14,45,0,3,1.0,263,1.0,1,0.4,0,51.2,3,1.0,1
71,34,174,14,62,0.917857143,1902,1.0,8,0.069387755,0,25.394366199999997,9,2.2254,0
6,2,18,1,4,0.7,1355,0.5,1,0.25,0,224.5,15,4.1667,0
4,16,46,0,3,0.8888888890000001,283,0.666666667,0,0.5,3,69.0,1,0.5,0
5,0,7,0,4,0.75,23,0.0,1,0.75,0,3.4,1,0.6,0
9,9,20,5,4,0.6964285709999999,169,1.0,1,0.444444444,0,17.0,5,1.3333,0
11,3,32,0,10,0.75,249,1.0,0,0.327272727,1,21.27272727,1,0.9091,0
6,9,13,8,6,0.4,100,1.0,0,0.666666667,0,15.33333333,5,1.5,0
4,8,6,7,3,0.333333333,24,1.0,1,0.333333333,0,4.75,2,1.0,0
34,66,34,62,34,1.03030303,40,0.0,0,0.10924369699999999,0,0.0,1,1.0,0
5,5,10,2,5,2.0,38,0.0,0,0.55,0,6.6,1,0.8,0
2,5,5,1,2,2.0,24,0.0,0,0.666666667,0,11.0,1,0.5,0
2,8,3,6,1,2.0,5,0.0,0,0.75,0,1.5,1,0.5,0
7,12,9,12,7,0.25,65,1.0,0,0.523809524,0,8.0,1,0.5714,0
9,6,23,2,8,0.791666667,132,1.0,4,0.325,0,13.0,2,1.0,0
6,3,27,1,6,0.4,139,1.0,0,0.4,1,21.83333333,1,0.3333,0
2,2,5,0,2,2.0,11,0.0,0,1.0,1,4.5,1,0.5,0
15,10,61,0,13,0.7857142859999999,488,1.0,1,0.7142857140000001,0,31.33333333,3,1.4667,0
1,3,1,3,0,2.0,171,0.0,0,0.0,0,136.0,0,0.0,0
10,5,15,5,9,0.7777777779999999,101,0.0,1,0.240740741,0,8.8,1,0.8,0
1,1,2,0,1,2.0,4,0.0,0,1.0,0,3.0,0,0.0,0
11,4,27,1,10,0.583333333,169,1.0,3,0.17424242399999998,1,13.81818182,3,1.0,0
2,3,4,0,1,2.0,9,0.0,0,1.0,0,3.5,1,0.5,0
2,5,16,1,1,0.0,78,1.0,0,0.75,0,37.5,1,0.5,0
5,3,27,1,4,1.25,237,1.0,0,0.375,0,46.0,6,3.0,0
28,0,29,0,27,1.007407407,48,0.4,0,0.171428571,0,0.535714286,1,0.9643,0
3,2,6,2,3,1.5,31,0.0,0,0.666666667,0,9.0,3,1.0,0
60,16,163,2,55,0.90440678,1551,0.52,2,0.111864407,1,24.43333333,13,1.4667,0
3,0,4,0,3,0.5,22,1.0,0,0.46666666700000003,0,5.666666667,1,0.6667,0
69,12,158,5,62,0.893137255,1383,0.8666666670000001,3,0.18729097,0,18.82608696,18,1.5942,0
10,26,128,1,3,0.8888888890000001,1066,0.833333333,2,0.296296296,0,105.0,22,4.1,3
10,4,27,1,10,0.4,245,1.0,1,0.4,2,23.0,3,0.6,0
4,6,4,5,4,2.0,4,0.0,0,0.45,0,0.0,1,1.0,0
16,5,36,5,15,0.693333333,349,1.0,1,0.375,0,20.5,8,2.0,0
20,17,59,2,17,0.664473684,585,1.0,5,0.36842105299999994,0,27.85,11,2.5,1
8,0,20,0,8,0.0,223,1.0,1,0.65625,0,26.625,5,1.625,0
2,5,5,1,2,2.0,24,0.0,0,0.666666667,0,11.0,1,0.5,0
2,2,4,2,1,1.875,20,0.0,0,1.0,0,5.0,0,0.0,0
1,2,7,2,1,2.0,17,0.0,0,1.0,0,16.0,0,0.0,0
2,0,2,0,2,2.0,2,0.0,0,1.0,0,0.0,1,1.0,0
3,4,9,1,3,2.0,63,0.0,0,0.666666667,0,20.0,1,0.6667,0
23,18,83,3,14,0.835227273,845,1.0,2,0.2,1,35.39130435,8,2.3043,1
3,3,13,1,2,1.5,106,1.0,0,0.533333333,0,33.66666667,6,3.3333,1
5,7,17,0,2,0.41666666700000005,79,1.0,2,0.625,0,14.2,3,1.4,0
4,5,52,0,4,0.333333333,307,1.0,1,0.4,0,74.25,1,0.75,0
12,5,19,4,12,0.636363636,268,0.5,1,0.638888889,0,21.0,4,2.0833,0
18,3,21,2,18,0.836601307,152,0.666666667,1,0.27777777800000003,0,6.944444444,2,1.0556,0
4,1,4,1,4,2.0,4,0.0,0,0.5,0,0.0,1,1.0,0
18,0,35,0,18,0.0,111,1.0,1,0.27777777800000003,0,5.1111111110000005,2,1.0,0
8,12,8,10,8,2.0,8,0.0,0,0.5,0,0.0,1,1.0,0
62,40,133,14,6,0.613114754,3133,0.8,0,0.05702067,0,49.45161289999999,4,1.0645,0
12,2,21,2,12,0.836363636,304,0.4,0,0.45833333299999995,0,23.91666667,7,1.3333,0
4,6,11,1,2,2.0,166,0.0,0,0.55,0,40.5,2,1.0,0
2,0,2,0,2,2.0,2,0.0,0,0.75,0,0.0,1,1.0,0
39,1,78,0,35,0.763157895,560,1.0,1,0.131868132,1,13.17948718,8,1.8462,1
14,4,29,1,14,0.692307692,149,1.0,0,0.255102041,1,9.428571429,6,1.6429,0
8,4,23,1,8,0.428571429,165,1.0,0,0.46875,1,19.25,1,0.5,0
22,33,50,19,21,0.933333333,376,1.0,3,0.174603175,0,15.63636364,2,1.0,0
4,3,30,0,2,0.611111111,368,1.0,0,0.333333333,0,89.5,15,4.0,0
10,0,15,0,10,0.851851852,66,1.0,0,0.3,0,5.3,2,1.0,0
46,41,210,1,33,0.9123456790000001,2793,1.0,8,0.11527777800000001,0,58.93478261,44,4.6304,1
13,40,14,40,13,0.75,65,1.0,1,0.423076923,0,3.8461538460000004,1,0.8462,0
252,63,511,17,231,0.9808677379999999,7956,1.0,12,0.054354013,19,30.21031746,17,2.0238,2
2,2,4,1,2,0.0,21,1.0,0,0.666666667,0,9.0,1,0.5,0
13,0,23,0,13,0.41666666700000005,78,1.0,1,0.256410256,0,4.923076923,1,0.9231,0
19,2,28,1,19,0.875,173,1.0,1,0.263157895,0,7.684210526,2,1.0526,1
1,0,1,0,1,2.0,1,0.0,0,1.0,0,0.0,1,1.0,0
9,3,21,2,7,0.913461538,205,0.692307692,1,0.1875,0,20.33333333,3,1.1111,0
6,2,14,0,6,0.4,77,1.0,0,0.666666667,2,11.5,1,0.8333,0
31,3,59,0,31,0.904545455,518,0.045454545,14,0.264516129,0,15.0,3,1.0645,0
3,5,18,1,2,2.0,104,0.0,0,0.5,0,33.66666667,4,1.6667,0
12,19,114,0,5,0.848484848,811,1.0,0,0.409090909,3,66.33333333,5,1.3333,1
30,48,180,1,17,0.8456486040000001,2215,1.0,8,0.15086206900000002,2,72.13333333,4,1.1667,0
9,8,37,6,5,0.75,336,1.0,0,0.225,0,36.0,4,1.5556,0
30,2,46,0,28,0.857142857,490,1.0,0,0.286666667,1,14.86666667,20,1.9,0
74,31,142,16,71,0.923679061,1303,0.9714285709999999,8,0.13325031099999998,0,16.13513514,8,1.2297,0
10,3,25,1,10,0.864197531,466,0.444444444,0,0.316666667,2,44.7,1,0.8,0
14,18,14,18,14,2.0,14,0.0,0,0.571428571,0,0.0,1,1.0,0
7,2,37,0,5,0.833333333,259,1.0,0,0.4,1,35.71428571,12,2.8571,0
11,2,74,0,7,0.7,772,1.0,1,0.257142857,0,68.27272727,6,1.5455,0
8,6,13,2,7,1.0,34,1.0,1,0.39285714299999996,0,3.0,1,0.75,0
8,7,60,1,3,0.571428571,522,1.0,1,0.18367346899999998,0,63.75,11,2.875,0
35,30,118,0,6,0.544117647,1756,1.0,0,0.120915033,0,49.11428571,11,1.6571,0
1,1,1,1,1,2.0,1,0.0,0,1.0,0,0.0,1,1.0,0
32,1,63,1,29,0.387096774,223,1.0,0,0.139784946,9,5.875,2,1.0,0
31,3,63,0,27,0.8714285709999999,912,0.7857142859999999,0,0.286666667,0,27.96774194,3,1.129,0
17,0,21,0,17,1.0625,60,0.0,0,0.18954248399999998,0,1.764705882,1,0.9412,0
5,30,5,28,5,2.0,5,0.0,0,0.4,0,0.0,1,1.0,0
2,0,2,0,2,2.0,4,0.0,0,0.75,0,0.0,1,1.0,0
8,12,35,1,3,0.9285714290000001,245,1.0,2,0.380952381,0,29.125,1,0.75,2
4,2,10,0,4,0.0,39,1.0,0,0.625,1,8.5,1,0.75,0
1,2,7,2,1,2.0,17,0.0,0,1.0,0,16.0,0,0.0,0
7,13,55,5,3,0.537037037,724,1.0,2,0.37142857100000004,0,101.1428571,11,2.5714,0
10,3,15,3,10,0.666666667,108,1.0,0,0.46666666700000003,0,9.4,2,1.0,0
4,2,9,0,2,0.25,91,0.0,1,0.5,0,20.75,5,2.0,0
4,3,20,3,4,1.333333333,146,0.0,0,0.75,0,34.5,3,1.25,0
2,3,2,2,2,2.0,2,0.0,0,0.75,0,0.0,1,1.0,0
14,3,15,1,14,1.076923077,135,0.0,0,0.153061224,0,0.214285714,1,0.9286,0
2,5,5,1,2,2.0,24,0.0,0,0.666666667,0,11.0,1,0.5,0
4,5,15,1,4,0.5,102,1.0,2,0.4375,0,24.0,6,2.0,0
38,26,113,21,36,0.848648649,2141,0.2,0,0.135135135,0,55.21052632,19,3.8158,0
39,10,194,2,3,0.8832236840000001,3271,1.0,3,0.191950464,5,82.46153846,16,2.6154,2
5,5,21,1,4,2.0,129,0.0,0,0.52,0,24.8,1,0.8,0
8,2,16,0,8,0.571428571,103,1.0,0,0.6875,2,11.5,1,0.875,0
36,12,81,4,31,0.812030075,675,0.736842105,5,0.182098765,2,17.22222222,3,1.0833,0
1,0,2,0,1,2.0,14,0.0,0,1.0,0,3.0,0,0.0,0
10,0,43,0,8,0.666666667,289,1.0,0,0.48,1,27.8,6,2.0,0
15,51,29,50,12,0.62987013,401,0.545454545,2,0.233333333,0,25.0,7,1.4667,0
19,2,34,2,19,0.0,115,1.0,1,0.263157895,0,5.0,1,0.8947,0
3,3,10,3,2,0.0,59,1.0,0,0.46666666700000003,1,18.33333333,1,0.6667,0
14,2,28,1,11,0.788461538,257,1.0,1,0.292307692,5,17.07142857,1,0.8571,0
2,4,6,1,2,2.0,25,0.0,0,0.666666667,1,11.5,1,0.5,0
0,1,0,1,0,2.0,0,0.0,0,0.0,0,0.0,0,0.0,0
6,1,11,1,5,1.070588235,308,0.235294118,0,0.444444444,0,47.5,28,7.0,0
2,4,2,3,2,2.0,2,0.0,0,0.75,0,0.0,1,1.0,0
33,5,44,0,29,0.888392857,434,1.0,0,0.696969697,0,11.72727273,28,1.9697,0
119,8,121,1,118,0.9788135590000001,398,1.0,2,0.08624127599999999,0,2.277310924,1,0.9748,0
2,0,2,0,2,2.0,2,0.0,0,1.0,0,0.0,1,1.0,0
1,4,5,0,1,2.0,19,1.0,0,1.0,0,15.0,0,0.0,0
58,20,133,15,56,0.043859649,1008,1.0,2,0.256140351,0,16.34482759,4,2.1034,0
2,19,44,3,1,2.0,410,0.0,0,0.75,2,204.0,1,0.5,0
7,4,20,3,6,0.333333333,93,1.0,0,0.428571429,0,12.0,1,0.8571,0
1,0,1,0,1,2.0,1,0.0,0,1.0,0,0.0,1,1.0,0
11,9,13,9,10,0.814285714,105,0.857142857,0,0.41666666700000005,0,7.909090909,2,1.3636,0
4,3,10,0,3,1.0,43,0.5,0,0.533333333,0,9.25,1,0.5,0
6,6,19,0,5,0.8,87,1.0,0,0.7,0,13.33333333,1,0.6667,0
18,4,19,1,18,0.862745098,57,1.0,0,0.375,0,2.0,1,0.9444,0
19,22,41,20,17,0.5,378,0.666666667,1,0.357894737,0,18.73684211,5,1.9474,0
4,2,7,1,4,0.75,33,0.5,4,1.0,0,6.25,1,0.75,0
14,8,19,8,13,0.7820512820000001,149,1.0,1,0.35714285700000004,0,9.214285713999999,4,1.1429,0
3,0,4,0,3,2.0,6,0.0,0,0.666666667,0,1.0,1,0.6667,0
14,0,51,0,2,1.020979021,574,1.0,0,0.373626374,1,39.21428571,4,1.2143,1
10,10,31,5,5,0.666666667,174,1.0,1,0.34444444399999996,0,15.9,3,1.6,0
4,2,5,0,4,0.333333333,18,1.0,1,0.5,0,3.25,1,0.75,0
3,1,11,1,3,0.166666667,67,1.0,0,0.666666667,0,20.33333333,3,1.6667,0
11,2,30,1,9,0.6,581,0.0,1,0.272727273,0,51.36363636,6,1.5455,0
21,1,22,0,21,1.05,47,0.0,0,0.30612244899999996,0,0.14285714300000002,1,0.9524,0
6,11,7,10,5,1.16,79,0.0,1,0.6,0,11.33333333,1,0.8333,0
2,2,5,0,2,2.0,11,0.0,0,1.0,1,4.5,1,0.5,0
1,0,2,0,1,2.0,5,0.0,0,1.0,0,3.0,0,0.0,0
8,2,13,1,8,0.571428571,296,1.0,1,0.5625,0,35.625,5,3.0,0
81,29,110,21,80,0.976704545,879,1.0,2,0.169472503,0,9.308641975,3,1.1481,0
5,8,60,1,4,1.125,555,1.0,1,0.5,0,109.6,2,0.8,0
31,14,176,2,2,0.9680555559999999,4485,1.0,1,0.252777778,8,142.9032258,32,3.9032,2
8,4,23,1,8,0.428571429,166,1.0,0,0.46875,1,19.375,1,0.5,0
5,1,6,0,5,1.25,10,0.0,0,0.4,0,0.6,1,0.8,0
25,2,56,2,25,0.8472222220000001,307,1.0,0,0.262857143,0,11.16,8,1.32,0
3,3,7,1,2,0.5,25,1.0,0,0.5,0,7.0,1,0.3333,0
26,16,89,7,24,0.772,918,1.0,1,0.246666667,0,33.92307692,5,1.1538,0
14,1,15,1,14,2.0,17,0.0,0,0.4,0,0.214285714,1,0.9286,0
3,5,13,1,3,0.0,81,0.0,1,0.5555555560000001,0,25.66666667,7,2.6667,0
1,0,2,0,1,2.0,7,0.0,0,1.0,0,3.0,0,0.0,0
10,6,20,2,9,0.759259259,157,1.0,3,0.36111111100000004,0,14.1,1,0.8,0
5,0,8,0,5,0.5,31,1.0,0,0.6,0,5.0,1,0.2,0
2,2,5,0,2,2.0,11,0.0,0,0.75,0,4.5,1,0.5,0
28,25,88,8,26,0.864197531,674,1.0,1,0.24691358,4,22.75,10,1.5,0
2,9,2,9,2,2.0,2,0.0,0,0.75,0,0.0,1,1.0,0
17,11,39,1,3,0.7578125,594,1.0,3,0.3125,0,33.47058824,14,3.6471,1
4,2,14,0,3,1.333333333,47,1.0,0,0.583333333,1,10.5,1,0.75,0
3,4,7,1,3,1.5,17,1.0,0,0.5555555560000001,1,4.333333333,1,0.6667,0
5,4,10,3,5,0.583333333,56,1.0,1,0.4,0,9.6,1,0.8,0
6,4,18,1,3,0.833333333,104,1.0,1,0.5,0,15.33333333,4,1.6667,0
13,3,30,0,13,0.291666667,206,1.0,1,0.252747253,1,14.69230769,1,0.8462,0
1,0,2,0,1,2.0,5,0.0,0,1.0,0,3.0,0,0.0,0
12,2,25,1,0,0.436363636,212,1.0,0,0.39583333299999995,0,16.25,3,1.3333,0
8,3,26,1,6,0.6190476189999999,221,1.0,1,0.5,0,26.25,3,1.375,0
7,11,38,0,2,0.666666667,351,1.0,1,0.36666666700000006,0,48.71428571,3,1.1429,0
2,1,17,0,2,2.0,160,0.0,0,0.6,0,79.0,1,0.5,0
2,1,10,0,2,2.0,54,1.0,0,0.6,0,25.5,1,0.5,0
42,53,104,49,39,0.76508344,1169,0.7894736840000001,3,0.148558758,2,26.38095238,13,2.5952,0
4,2,13,0,4,0.0,58,1.0,0,0.625,1,13.25,1,0.75,0
6,1,22,1,4,1.12,184,0.0,0,0.5,1,28.83333333,14,2.8333,0
0,8,0,8,0,2.0,57,0.0,0,0.0,0,0.0,0,0.0,0
5,3,13,1,5,0.75,101,1.0,0,0.45,2,19.0,10,2.8,0
5,0,7,0,5,0.625,33,1.0,0,0.5,0,5.2,1,0.6,0
4,5,31,0,4,0.0,125,1.0,0,0.625,2,30.0,1,0.75,0
12,4,119,4,3,0.833333333,1190,0.666666667,0,0.24675324699999998,4,97.66666667,1,0.8333,2
9,5,50,2,1,0.75,375,1.0,1,0.4,7,40.33333333,16,2.6667,0
17,0,17,0,17,1.0625,58,0.0,0,0.470588235,0,0.0,1,1.0,0
23,5,31,0,21,0.827272727,189,1.0,0,0.695652174,0,6.7826086960000005,5,1.1304,0
6,9,33,0,5,0.8,212,1.0,1,0.7,0,33.66666667,3,1.6667,0
3,4,8,1,3,2.0,21,0.0,0,0.666666667,2,6.0,1,0.6667,0
32,11,85,3,28,0.666666667,865,1.0,0,0.193548387,15,25.84375,12,1.75,0
5,2,11,1,5,0.0,43,1.0,1,0.46666666700000003,0,7.4,3,1.2,0
3,3,15,1,2,0.833333333,64,1.0,0,0.5,0,19.33333333,1,0.3333,0
8,1,13,1,7,0.571428571,2144,1.0,0,0.5,0,266.75,1,0.75,0
68,4,69,1,68,2.0,170,0.0,0,0.136029412,0,1.5,1,0.9853,0
55,1,56,1,54,1.0185185190000001,329,0.0,0,0.5,0,3.9090909089999997,1,0.9818,0
37,39,175,2,30,0.944444444,1350,1.0,0,0.433333333,0,35.40540541,4,1.1081,0
5,8,16,1,4,1.041666667,88,0.166666667,1,0.625,0,15.4,1,0.6,0
7,0,8,0,7,1.166666667,20,0.0,0,0.428571429,0,1.571428571,1,0.8571,0
38,5,54,1,7,0.7762162159999999,3880,0.16,1,0.405405405,0,100.4473684,95,7.8947,0
10,1,11,0,10,1.111111111,19,0.0,0,0.3,0,0.3,1,0.9,0
3,2,5,1,2,0.5,16,0.0,1,0.5555555560000001,0,4.0,1,0.6667,0
12,4,12,3,12,2.0,12,0.0,0,0.41666666700000005,0,0.0,1,1.0,0
4,2,13,0,4,0.0,58,1.0,0,0.625,1,13.25,1,0.75,0
3,6,6,1,2,2.0,16,0.0,0,0.666666667,0,4.333333333,1,0.6667,0
9,8,29,4,2,0.5694444439999999,433,0.8888888890000001,4,0.303571429,0,46.11111111,2,0.8889,1
8,6,27,0,7,0.857142857,90,0.5,0,0.28571428600000004,5,10.0,3,1.0,0
4,3,11,2,4,0.0,60,1.0,0,0.625,0,13.75,2,1.0,0
3,3,11,1,2,0.5,342,1.0,0,0.5,0,112.66666670000001,2,0.6667,0
6,6,17,6,5,0.6,150,1.0,0,0.2,0,23.5,1,0.6667,0
15,6,35,1,14,0.514285714,209,1.0,3,0.18666666699999998,1,12.6,3,1.0,0
8,0,47,0,5,0.37142857100000004,384,1.0,0,0.45833333299999995,3,46.375,4,1.625,0
1,2,1,2,0,2.0,298,0.0,0,0.0,0,240.0,0,0.0,0
11,14,16,13,11,0.6,144,1.0,0,0.727272727,0,11.72727273,4,1.0909,0
5,0,5,0,5,2.0,5,0.0,0,0.4,0,0.0,1,1.0,0
15,0,24,0,15,0.818181818,257,0.9090909090000001,0,0.35,0,15.4,3,0.9333,0
7,0,8,0,7,0.5,76,1.0,1,0.535714286,0,9.428571429,2,0.5714,0
4,2,8,2,4,0.666666667,33,1.0,1,0.5,0,6.75,1,0.75,0
1,0,2,0,1,2.0,41,0.0,0,1.0,0,3.0,0,0.0,0
13,6,15,6,12,0.869047619,390,1.0,0,0.333333333,0,28.46153846,1,0.8462,0
9,2,16,1,6,0.125,56,1.0,1,0.333333333,4,5.1111111110000005,1,0.8889,0
7,11,35,3,2,1.0555555559999998,484,0.166666667,1,0.333333333,0,66.42857143,34,10.0,0
1,16,1,15,1,2.0,1,0.0,0,1.0,0,0.0,1,1.0,0
26,14,76,2,12,0.765925926,2884,0.9259259259999999,6,0.145604396,0,108.88461540000002,39,2.4231,0
10,10,56,0,3,0.7777777779999999,514,1.0,1,0.333333333,3,49.9,19,3.5,0
5,0,6,0,5,0.75,36,1.0,0,0.4,0,5.4,1,0.8,0
7,0,16,0,7,0.0,63,1.0,0,0.571428571,0,7.857142857,2,1.2857,0
3,4,24,1,3,2.0,161,0.0,0,0.666666667,2,52.66666667,1,0.6667,0
7,0,11,0,6,0.833333333,34,1.0,1,0.428571429,0,3.714285714,1,0.8571,0
21,7,71,3,14,0.8538461540000001,1068,1.0,2,0.166666667,0,49.23809524,14,3.7143,0
3,2,3,1,3,2.0,3,0.0,0,0.5,0,0.0,1,1.0,0
32,0,63,0,32,0.0,185,1.0,1,0.3359375,0,4.75,2,1.0,0
25,11,55,6,22,0.510416667,786,1.0,0,0.256944444,1,30.28,6,1.72,0
20,0,53,0,18,0.6023391810000001,1126,1.0,0,0.31,0,54.85,6,1.65,0
13,13,32,13,10,0.979166667,210,0.0,1,0.208333333,0,14.23076923,5,1.3077,0
5,0,8,0,5,0.5,31,1.0,0,0.6,0,5.0,1,0.2,0
33,14,77,3,17,0.927083333,702,1.0,0,0.19602272699999998,0,19.90909091,25,2.8182,0
44,11,102,8,36,0.92749658,1083,0.882352941,0,0.259689922,1,23.22727273,16,1.9318,0
3,6,9,4,3,0.1875,101,0.0,2,1.0,0,30.0,1,0.6667,0
32,2,45,1,28,0.290322581,265,1.0,1,0.167155425,12,7.1875,2,1.125,0
4,9,18,2,4,0.0,507,1.0,0,0.5,1,125.25,3,0.75,0
14,9,57,0,13,0.7692307690000001,511,1.0,1,0.846153846,0,35.0,2,1.5,0
14,3,29,0,11,0.759615385,453,1.0,2,0.365384615,0,30.78571429,6,2.3571,0
0,0,0,0,0,2.0,0,0.0,0,0.0,0,0.0,0,0.0,0
2,4,14,2,2,2.0,87,0.0,0,0.6,0,42.5,4,2.0,0
8,3,17,3,8,1.142857143,102,1.0,0,0.5,0,11.625,6,1.375,0
2,1,14,0,2,2.0,104,0.0,0,0.6,0,51.0,1,0.5,0
6,14,29,11,2,0.828571429,309,1.0,2,0.333333333,0,49.33333333,5,1.6667,0
4,3,20,3,4,0.666666667,78,0.5,0,0.583333333,0,18.0,3,1.0,0
21,1,55,1,19,0.622222222,1188,1.0,0,0.253968254,0,55.14285714,6,1.8095,0
8,0,20,0,7,0.5,564,0.5,0,0.7857142859999999,0,69.25,3,1.25,0
11,2,15,1,11,1.1,230,0.0,0,0.333333333,9,19.81818182,3,0.9091,0
1,17,1,15,1,2.0,1,0.0,0,1.0,0,0.0,1,1.0,0
2,5,11,1,2,2.0,44,0.0,0,0.666666667,0,21.0,1,0.5,0
53,14,121,7,41,0.894917582,1074,0.8214285709999999,5,0.10946745599999999,0,18.73584906,11,1.7547,0
10,7,10,6,10,2.0,10,0.0,0,0.35,0,0.0,1,1.0,0
20,11,61,5,16,0.804511278,695,0.14285714300000002,2,0.270676692,0,33.4,22,3.75,0
5,1,24,1,5,0.75,133,1.0,0,0.4,5,24.6,3,1.2,0
40,11,111,0,35,0.8450390190000001,1771,1.0,0,0.35256410299999996,5,42.7,4,1.1,0
1,0,2,0,1,2.0,5,0.0,0,1.0,0,3.0,0,0.0,0
7,0,16,0,7,0.0,63,1.0,0,0.571428571,0,7.857142857,2,1.2857,0
8,9,11,6,7,0.7142857140000001,56,1.0,4,0.35714285700000004,0,5.5,2,0.75,0
11,2,19,0,9,0.7,205,0.75,0,0.375,0,16.90909091,4,1.0909,0
4,0,4,0,4,2.0,4,0.0,0,0.625,0,0.0,1,1.0,0
5,3,10,3,4,1.25,51,1.0,0,0.314285714,0,9.0,1,0.8,0
3,0,3,0,3,2.0,3,0.0,0,0.46666666700000003,0,0.0,1,1.0,0
1,0,2,0,1,2.0,5,0.0,0,1.0,0,3.0,0,0.0,0
8,0,37,0,7,1.071428571,273,1.0,0,0.904761905,0,31.625,2,1.0,0
25,19,41,17,25,0.986979167,206,0.5625,2,0.133333333,0,6.6,3,1.04,0
8,3,15,2,8,0.571428571,125,1.0,0,0.6875,0,14.25,6,1.5,0
15,15,55,1,12,0.8877551020000001,630,1.0,1,0.23214285699999998,0,40.53333333,1,0.8667,0
3,7,3,7,3,2.0,3,0.0,0,0.5555555560000001,0,0.0,1,1.0,0
11,9,20,8,10,0.72,166,1.0,1,0.4,0,13.63636364,4,1.1818,0
6,1,27,0,4,1.2,223,1.0,0,0.3,0,36.0,12,3.8333,0
21,7,44,3,12,0.545,317,0.8,0,0.30952381,3,13.61904762,4,1.5238,0
8,0,18,0,7,1.142857143,55,0.0,0,0.55,0,5.625,4,1.25,0
36,11,94,3,31,0.5619047620000001,970,1.0,1,0.310204082,0,25.77777778,1,0.9167,0
2,2,11,0,2,2.0,203,0.0,0,0.75,0,100.5,2,1.0,0
3,6,6,1,2,2.0,16,0.0,0,0.666666667,0,4.333333333,1,0.6667,0
10,0,20,0,10,0.444444444,68,1.0,2,0.242857143,0,5.6,2,1.0,0
37,8,68,7,36,0.912835249,1201,0.517241379,0,0.190972222,0,30.67567568,11,3.0,1
2,1,42,0,2,2.0,361,0.0,0,0.6,0,179.5,1,0.5,0
4,6,18,1,4,0.5,168,1.0,2,0.4375,0,40.5,11,3.25,0
9,1,15,1,2,2.0,493,0.0,0,0.5,0,53.77777778,1,0.8889,0
39,26,118,1,34,0.8684210529999999,1231,1.0,4,0.13765182199999998,5,30.28205128,14,2.7436,0
3,5,25,0,2,1.1,172,1.0,1,0.75,0,54.66666667,7,2.3333,0
5,5,10,2,5,2.0,38,0.0,0,0.55,0,6.6,1,0.8,0
3,7,22,1,3,0.5,128,1.0,0,0.7777777779999999,0,41.0,1,0.6667,0
80,28,231,8,74,0.931170886,2501,1.0,4,0.108499096,2,29.8625,5,1.325,4
14,29,14,26,14,2.0,14,0.0,0,0.214285714,0,0.0,1,1.0,0
2,5,6,1,2,2.0,16,0.0,0,0.5,0,7.0,1,0.5,0
34,11,94,3,28,0.7373737370000001,696,1.0,1,0.17099567100000002,15,19.38235294,6,1.3529,0
3,2,8,1,3,0.25,48,1.0,2,0.5555555560000001,0,14.33333333,3,1.3333,0
69,15,164,3,65,0.944497154,1513,1.0,2,0.120098039,0,20.47826087,7,1.7246,0
3,109,6,109,3,2.0,16,0.0,0,0.7777777779999999,0,4.333333333,0,0.0,0
11,3,15,1,11,0.683333333,193,1.0,1,0.327272727,0,16.0,3,1.3636,1
1,1,2,0,1,2.0,4,0.0,0,1.0,0,3.0,0,0.0,0
4,2,11,0,4,0.0,40,1.0,0,0.625,1,8.75,1,0.75,0
9,8,26,7,7,0.5,230,1.0,0,0.625,0,24.33333333,5,1.4444,0
3,0,3,0,3,2.0,3,0.0,0,1.0,0,0.0,1,1.0,0
9,12,66,0,7,0.7125,461,1.0,1,0.270833333,0,49.11111111,11,2.6667,0
5,34,5,32,5,1.25,14,0.0,0,0.7,0,0.0,1,1.0,0
52,25,71,22,50,0.692810458,1338,1.0,2,0.164335664,0,24.55769231,11,2.0577,1
18,21,18,19,18,1.058823529,20,0.0,0,0.518518519,0,0.0,1,1.0,0
10,0,46,0,8,0.7777777779999999,330,1.0,0,0.611111111,2,31.8,6,1.6,0
6,16,49,4,3,0.4,233,1.0,0,0.351851852,0,37.66666667,3,1.1667,1
3,2,7,2,3,0.0,24,1.0,0,0.666666667,2,6.666666667,1,0.6667,0
13,16,13,14,13,2.0,13,0.0,0,0.292307692,0,0.0,1,1.0,0
4,2,16,0,2,0.666666667,863,1.0,0,0.875,0,213.75,10,4.0,0
12,4,45,1,12,0.480519481,337,1.0,1,0.26666666699999997,8,26.5,4,1.3333,0
2,0,2,0,2,2.0,2,0.0,0,1.0,0,0.0,1,1.0,0
8,25,14,25,7,0.14285714300000002,113,1.0,0,0.380952381,0,13.0,1,0.75,0
2,3,10,0,2,2.0,38,0.0,0,0.75,1,18.0,1,0.5,0
9,2,10,0,9,2.0,12,0.0,0,0.37777777799999995,0,0.333333333,1,0.8889,0
3,6,17,1,3,2.0,68,0.0,0,0.666666667,0,21.66666667,1,0.6667,0
3,0,4,0,3,2.0,6,0.0,0,0.666666667,0,1.0,1,0.6667,0
2,2,5,1,2,2.0,10,0.0,0,1.0,0,4.0,1,0.5,0
2,0,4,0,2,2.0,10,0.0,0,0.75,0,4.0,1,0.5,0
20,4,52,1,19,0.511278195,774,1.0,0,0.305555556,4,37.35,4,0.7,0
35,4,87,1,31,0.544117647,373,0.5,1,0.343137255,0,9.485714286,1,0.9143,0
3,5,8,0,2,2.0,26,0.0,0,0.333333333,0,7.666666667,1,0.6667,0
38,7,85,5,36,0.067567568,540,1.0,2,0.254826255,0,13.15789474,3,1.7632,0
6,2,18,0,5,0.8,96,1.0,0,0.5555555560000001,1,14.66666667,1,0.8333,0
7,4,12,4,7,0.166666667,77,1.0,0,0.523809524,2,9.714285713999999,4,0.8571,0
6,9,18,8,4,0.8,1423,0.333333333,1,0.25,0,235.66666669999998,15,4.1667,0
2,5,5,4,2,0.0,69,0.0,5,1.0,0,29.0,1,0.5,0
26,7,66,1,23,0.544,923,1.0,1,0.217142857,0,34.30769231,6,2.3077,0
3,4,4,4,3,1.4375,23,0.0,2,0.5,0,4.0,2,1.0,0
24,17,67,9,22,0.826086957,626,0.736842105,5,0.208333333,2,24.29166667,3,1.0,1
4,10,17,2,2,0.833333333,85,0.5,1,0.333333333,0,19.25,1,0.5,0
2,2,4,1,2,0.0,21,1.0,0,0.666666667,0,9.0,1,0.5,0
29,9,67,3,2,0.55952381,960,1.0,3,0.210727969,0,31.79310345,2,1.0,0
7,6,15,2,7,0.5,67,1.0,1,0.428571429,0,8.428571429,1,0.8571,1
11,14,37,1,7,0.84,237,1.0,2,0.5,5,20.09090909,9,1.9091,0
3,4,8,1,3,2.0,40,0.0,0,0.666666667,1,12.33333333,1,0.6667,0
9,38,15,38,9,0.666666667,57,1.0,3,0.253968254,0,5.0,1,0.8889,1
34,11,113,1,25,0.8975966559999999,1577,1.0,2,0.19865319899999997,0,44.52941176,33,2.7647,0
2,2,11,0,2,2.0,265,0.0,0,0.75,0,131.5,3,1.5,0
3,5,6,5,3,1.142857143,40,0.0,0,0.583333333,1,10.0,3,1.3333,0
4,2,10,1,2,0.26666666699999997,83,0.0,2,0.5,0,18.5,3,1.5,0
21,5,75,0,15,0.838888889,720,1.0,1,0.26,0,32.85714286,7,1.4286,0
1,3,1,3,1,2.0,1,0.0,0,1.0,0,0.0,1,1.0,0
3,12,4,10,3,0.5,13,1.0,0,0.666666667,0,3.0,1,0.6667,0
16,4,22,4,16,0.847619048,131,1.0,0,0.71875,0,6.75,1,0.9375,0
2,2,10,0,2,2.0,273,0.0,0,0.75,0,135.5,2,1.0,0
11,0,46,0,8,0.55,401,1.0,1,0.424242424,2,35.27272727,5,1.7273,0
11,3,36,1,10,0.625,245,1.0,1,0.409090909,0,20.90909091,6,2.3636,0
16,13,34,13,16,0.628571429,412,0.857142857,0,0.375,0,24.3125,3,1.875,0
28,34,181,4,8,0.7734204790000001,2634,1.0,6,0.148148148,0,92.46428571,19,5.0714,1
7,1,8,0,7,2.0,10,0.0,0,0.35714285700000004,0,0.428571429,1,0.8571,0
62,11,143,1,43,0.929903901,1875,0.9655172409999999,0,0.233870968,6,28.77419355,15,1.5968,0
12,1,16,1,12,0.727272727,139,1.0,0,0.708333333,0,10.16666667,5,1.25,0
6,2,19,0,5,0.3,90,1.0,1,0.444444444,0,13.66666667,6,1.6667,0
2,4,6,1,2,2.0,33,0.0,0,0.666666667,1,15.5,1,0.5,0
5,12,6,11,5,0.5,45,1.0,1,0.5,0,7.4,1,0.6,0
2,0,3,0,2,2.0,5,0.0,0,0.75,0,1.5,1,0.5,0
6,4,18,1,4,0.5555555560000001,162,1.0,2,0.375,0,24.5,3,1.5,0
2,7,28,2,2,1.333333333,184,1.0,1,0.7,2,86.5,3,1.5,0
1,1,2,1,0,2.0,52,0.0,0,1.0,0,6.0,0,0.0,0
3,0,3,0,3,2.0,3,0.0,0,0.5555555560000001,0,0.0,1,1.0,0
2,3,6,1,2,0.0,22,1.0,1,0.666666667,0,9.5,1,0.5,0
46,25,133,17,43,1.006666667,2140,0.9,1,0.12857142900000001,0,45.30434783,13,3.4130000000000003,0
3,0,4,0,3,2.0,6,0.0,0,0.666666667,0,1.0,1,0.6667,0
8,0,12,0,8,0.904761905,81,1.0,2,0.34375,0,8.75,4,1.25,0
131,79,311,51,120,0.95625,2701,1.0,17,0.07346153799999999,0,19.251908399999998,22,2.2366,1
66,17,174,4,57,0.9225071229999999,1439,0.5555555560000001,2,0.1,1,20.39393939,7,1.2576,0
2,2,4,2,2,2.0,10,0.0,0,0.75,0,4.0,1,0.5,0
19,10,65,2,13,0.8833333329999999,558,1.0,1,0.322222222,5,27.84210526,15,2.5789,1
18,5,59,2,6,0.9358288770000001,499,0.545454545,0,0.22875817,0,26.11111111,15,1.8333,2
4,0,5,0,4,0.666666667,28,1.0,0,0.625,0,5.25,1,0.75,0
28,2,40,2,25,0.444444444,1019,0.666666667,0,0.31547619,0,34.85714286,7,1.3571,0
2,1,5,1,2,0.0,18,1.0,1,0.666666667,0,7.5,1,0.5,0
3,1,3,1,3,2.0,3,0.0,0,0.666666667,0,0.0,1,1.0,0
11,2,24,1,11,0.64,446,0.0,1,0.318181818,0,39.09090909,5,1.2727,0
47,20,177,3,39,0.894409938,1737,1.0,4,0.097101449,0,35.5106383,15,2.383,0
3,6,14,1,3,0.0,249,1.0,0,0.5555555560000001,1,81.66666667,1,0.3333,0
12,10,55,0,10,0.727272727,470,1.0,1,0.772727273,0,37.91666667,3,1.5833,0
11,16,11,15,11,2.0,11,0.0,0,0.484848485,0,0.0,1,1.0,0
9,3,78,0,6,0.625,844,1.0,0,0.55,10,92.44444444,19,4.1111,0
5,5,10,4,5,0.5,61,1.0,1,0.4,0,10.6,1,0.8,0
2,2,4,1,2,2.0,11,0.0,0,0.833333333,0,4.5,0,0.0,1
28,12,93,4,22,0.77582846,1410,0.42105263200000004,11,0.171717172,0,48.67857143,17,3.7143,1
3,0,3,0,3,2.0,3,0.0,0,1.0,0,0.0,1,1.0,0
7,1,7,1,6,1.142857143,34,0.0,0,1.0,0,2.857142857,1,0.8571,0
2,2,13,0,2,2.0,410,0.0,0,0.75,0,204.0,6,3.0,0
24,9,119,1,13,0.830039526,1158,1.0,3,0.178743961,0,46.79166667,11,1.4167,0
4,7,9,2,1,0.666666667,28,1.0,0,0.333333333,0,5.75,1,0.5,0
5,1,6,1,5,0.45,115,1.0,0,0.46666666700000003,0,21.0,2,1.0,0
2,1,15,0,2,2.0,60,0.0,0,0.6,0,29.0,1,0.5,0
3,13,35,1,1,2.0,194,0.0,0,0.41666666700000005,0,63.66666667,1,0.6667,1
24,18,68,13,19,0.8896321070000001,590,1.0,4,0.23671497600000002,0,23.04166667,13,1.9167,1
43,22,123,7,33,0.871794872,1262,1.0,2,0.164021164,6,28.04651163,9,2.1628,4
3,6,12,2,3,0.0,50,1.0,1,0.611111111,0,15.33333333,1,0.6667,0
3,2,8,2,3,1.5,47,0.0,0,0.833333333,0,14.0,3,1.0,0
3,0,4,0,3,0.5,20,1.0,0,0.666666667,0,5.0,1,0.6667,0
9,6,28,1,8,0.5,240,1.0,1,0.38888888899999996,0,25.44444444,5,1.5556,0
8,0,17,0,8,0.523809524,91,1.0,0,0.5625,0,10.0,3,1.5,0
24,36,157,2,19,0.66798419,1717,1.0,3,0.147157191,0,70.08333333,26,4.3333,0
9,8,27,6,6,0.25,198,1.0,1,0.41666666700000005,3,20.88888889,1,0.8889,0
2,2,4,1,1,1.878787879,305,0.0,0,1.0,0,102.0,0,0.0,0
3,3,31,0,3,2.0,208,0.0,0,0.5555555560000001,5,68.33333333,1,0.6667,0
1,5,1,4,1,2.0,1,0.0,0,1.0,0,0.0,1,1.0,0
6,1,25,0,5,2.0,101,0.0,0,0.41666666700000005,1,15.83333333,6,1.6667,0
2,3,14,0,2,2.0,245,0.0,0,0.75,0,121.5,4,2.0,0
3,5,8,2,3,2.0,44,0.0,0,0.666666667,0,13.66666667,1,0.6667,0
4,1,9,1,2,0.666666667,395,1.0,0,0.5,0,97.25,1,0.5,0
11,13,11,11,11,2.0,11,0.0,0,0.290909091,0,0.0,1,1.0,0
2,2,4,0,1,1.0,9,1.0,0,1.0,0,3.0,0,0.0,0
31,20,72,5,30,0.856862745,826,1.0,5,0.14,0,25.09677419,12,1.6774,0
12,2,41,1,9,0.87012987,354,0.571428571,0,0.375,0,27.91666667,4,1.75,0
12,9,18,2,12,0.727272727,60,1.0,1,0.226190476,0,3.916666667,1,0.9167,0
2,0,8,0,1,1.0,28,1.0,0,1.0,0,12.5,0,0.0,0
12,3,33,2,12,0.8383838379999999,241,1.0,4,0.28571428600000004,3,18.33333333,3,1.75,0
27,21,27,18,27,2.0,27,0.0,0,1.0,0,0.0,1,1.0,0
13,2,52,1,9,0.683333333,764,1.0,0,0.26388888899999996,0,57.38461538,18,3.8462,0
5,0,6,0,5,2.0,8,0.0,0,0.6,1,0.6,1,0.8,0
12,8,23,4,12,0.13636363599999998,543,1.0,2,0.398148148,0,44.08333333,6,2.75,0
3,3,5,3,2,0.5,128,1.0,0,0.75,0,41.33333333,3,1.0,0
4,2,13,0,4,0.0,58,1.0,0,0.625,1,13.25,1,0.75,0
33,79,44,76,29,0.9125,392,1.0,5,0.22265625,0,10.42424242,6,1.2121,2
4,3,8,1,4,0.333333333,38,1.0,0,0.583333333,0,8.25,2,1.0,0
18,9,34,0,18,0.8496732029999999,233,1.0,2,0.27777777800000003,0,11.44444444,1,0.9444,0
1,12,1,10,1,2.0,1,0.0,0,1.0,0,0.0,1,1.0,0
10,3,11,2,9,1.0,17,0.0,0,0.333333333,0,0.6,1,0.8,0
20,2,29,2,19,0.822368421,336,1.0,0,0.375,0,15.4,10,1.7,0
2,2,4,1,2,0.0,21,1.0,0,0.666666667,0,9.0,1,0.5,0
4,1,25,0,3,0.41666666700000005,174,0.0,1,0.5555555560000001,0,41.5,3,1.25,0
9,2,31,2,5,0.625,423,1.0,0,0.3125,0,45.77777778,13,2.6667,0
3,7,12,2,3,0.0,270,1.0,0,0.5555555560000001,1,88.66666667,1,0.3333,0
4,0,8,0,4,2.0,20,0.0,0,0.666666667,0,4.0,0,0.0,0
4,5,16,1,2,0.666666667,96,0.0,0,0.444444444,0,22.75,5,1.5,0
2,3,10,0,2,2.0,38,0.0,0,0.75,1,18.0,1,0.5,0
16,23,98,3,4,0.607017544,1347,1.0,10,0.342857143,0,82.0,16,3.125,2
22,25,158,3,12,0.8062397370000001,1864,1.0,11,0.134920635,0,82.40909091,20,3.0,0
2,5,5,1,2,2.0,24,0.0,0,0.666666667,0,11.0,1,0.5,0
2,2,4,2,2,2.0,11,0.0,0,1.0,0,4.5,0,0.0,0
25,0,25,0,25,1.041666667,29,0.0,0,0.41333333299999997,0,0.0,1,1.0,0
11,3,14,0,10,0.75,55,1.0,1,0.43181818200000005,0,3.8181818180000002,3,1.0909,0
3,0,5,0,3,0.5,18,1.0,1,0.5555555560000001,0,4.666666667,1,0.6667,0
15,6,59,1,8,0.46428571399999996,915,1.0,2,0.28571428600000004,0,59.6,20,2.3333,0
19,9,34,8,18,0.8240740740000001,523,1.0,1,0.39473684200000003,0,26.21052632,17,3.4211,0
41,3,42,1,41,1.025,113,0.0,0,0.209756098,0,0.073170732,1,0.9756,0
3,5,17,1,2,0.6,113,1.0,2,0.625,0,35.0,1,0.3333,0
1,0,2,0,1,2.0,5,0.0,0,1.0,0,3.0,0,0.0,0
2,3,12,1,2,2.0,55,0.0,0,0.6,0,26.5,4,2.0,0
5,16,32,5,2,0.666666667,172,1.0,2,0.342857143,0,32.2,2,1.0,0
10,1,15,1,6,0.8444444440000001,77,1.0,0,0.5,0,6.2,1,0.9,0
5,0,6,0,5,0.9642857140000001,39,0.571428571,0,0.4,0,5.4,1,0.8,0
1,0,1,0,1,2.0,1,0.0,0,1.0,0,0.0,1,1.0,0
6,13,7,13,5,0.8,24,1.0,0,0.333333333,0,2.666666667,1,0.8333,0
2,10,15,1,2,1.5,55,1.0,0,0.666666667,0,24.5,1,0.5,0
14,1,15,0,14,2.0,17,0.0,0,0.32857142899999997,0,0.214285714,1,0.9286,0
2,4,5,1,2,2.0,36,0.0,0,0.666666667,1,17.0,1,0.5,0
2,3,11,0,2,2.0,50,0.0,0,0.75,0,24.0,2,1.0,0
11,4,27,0,8,2.0,145,0.0,0,0.375,1,12.18181818,1,0.8182,0
2,15,2,15,2,2.0,2,0.0,0,0.75,0,0.0,1,1.0,0
5,5,19,0,3,0.625,396,1.0,0,0.4375,0,77.8,2,0.8,0
2,3,14,1,2,2.0,67,0.0,0,0.6,0,32.5,5,2.5,0
57,42,187,1,2,0.68877551,4114,1.0,6,0.224561404,0,70.92982456,22,1.7719,2
20,3,50,1,12,0.837320574,342,1.0,1,0.28070175399999997,0,15.55,4,1.2,0
15,0,15,0,15,2.0,15,0.0,0,0.333333333,0,0.0,1,1.0,0
2,1,14,0,2,2.0,104,0.0,0,0.6,0,51.0,1,0.5,0
61,28,162,14,32,0.854761905,1494,1.0,12,0.140625,1,23.14754098,8,1.8361,1
8,3,32,3,7,0.428571429,195,0.5,2,0.7142857140000001,0,23.125,2,0.875,0
56,65,77,61,53,0.7785123970000001,1397,0.9090909090000001,2,0.148809524,0,23.75,11,2.3214,0
9,0,37,0,8,0.75,211,1.0,0,0.65625,2,22.22222222,3,1.0,0
7,16,48,4,4,1.083333333,286,0.5,0,0.19642857100000002,0,39.57142857,1,0.8571,0
32,9,61,1,32,0.9653524490000001,887,0.962962963,3,0.197916667,0,25.875,3,1.0313,1
20,25,31,19,20,0.842105263,219,1.0,2,0.21666666699999998,1,9.75,4,1.3,0
5,11,37,6,3,0.5,183,0.0,0,0.41666666700000005,0,35.0,7,1.8,0
21,9,98,3,9,0.735714286,1367,1.0,3,0.275132275,0,63.76190476,54,4.2381,1
9,2,13,2,9,0.125,141,0.0,0,0.4,0,14.33333333,5,1.6667,0
8,7,15,2,7,0.880952381,171,1.0,4,0.39285714299999996,0,19.625,1,0.75,0
1,2,2,2,1,2.0,21,0.0,0,1.0,0,3.0,0,0.0,0
1,0,1,0,1,2.0,1,0.0,0,1.0,0,0.0,1,1.0,0
8,3,15,2,8,0.571428571,125,1.0,0,0.6875,0,14.25,6,1.5,0
37,1,63,1,33,0.46428571399999996,612,1.0,0,0.150462963,4,15.35135135,3,1.1351,0
7,1,11,1,6,0.5,39,1.0,0,0.571428571,0,4.285714286,1,0.8571,0
12,3,31,0,12,0.424242424,151,1.0,1,0.333333333,0,11.33333333,3,1.3333,0
14,5,47,0,4,0.8557692309999999,583,0.5,0,0.519230769,4,40.07142857,7,2.0,0
4,6,17,5,3,0.666666667,133,0.2,1,0.333333333,0,31.0,10,4.5,0
5,1,11,1,5,0.625,39,1.0,0,0.4,0,6.4,1,0.8,0
6,3,12,2,4,0.5,115,0.0,0,0.45833333299999995,2,17.5,1,0.8333,0
9,1,20,1,6,0.59375,214,0.5,1,0.270833333,0,22.33333333,5,1.7778,0
14,2,18,2,13,0.7820512820000001,152,1.0,1,0.47619047600000003,0,9.428571429,5,1.2143,0
8,4,28,2,3,0.7142857140000001,140,1.0,0,0.214285714,0,16.25,7,1.5,0
25,7,73,0,8,0.913690476,1372,0.571428571,0,0.381944444,4,53.32,8,2.6,0
9,0,13,0,9,0.625,38,1.0,1,0.5555555560000001,0,3.111111111,1,0.8889,0
23,1,27,1,22,0.97979798,3320,0.111111111,0,0.25,0,142.9565217,17,3.9130000000000003,0
49,10,113,1,47,0.8445512820000001,667,1.0,4,0.134469697,0,12.34693878,3,1.0408,0
14,8,47,3,9,1.0,530,1.0,0,0.21367521399999997,0,36.71428571,13,2.5,0
2,1,17,0,2,2.0,134,0.0,0,0.6,0,66.0,1,0.5,0
47,8,133,1,36,0.8830227740000001,1448,0.23809523800000001,2,0.154589372,0,29.36170213,10,1.9149,1
6,3,27,1,2,0.771428571,140,1.0,0,0.25,0,21.16666667,1,0.6667,0
2,3,3,1,2,2.0,9,0.0,0,0.666666667,0,3.5,1,0.5,0
1,1,7,1,1,2.0,17,0.0,0,1.0,0,16.0,0,0.0,0
15,31,15,30,15,2.0,15,0.0,0,0.25,0,0.0,1,1.0,0
6,0,7,0,6,2.0,9,0.0,0,0.333333333,0,0.5,1,0.8333,0
3,0,4,0,3,0.75,35,1.0,3,0.5,0,9.333333332999999,1,0.6667,0
7,2,19,0,4,1.027777778,1730,0.916666667,0,0.291666667,0,244.4285714,6,3.4286,0
29,0,29,0,29,2.0,29,0.0,0,0.43678160899999996,0,0.0,1,1.0,0
30,25,110,5,22,0.902298851,929,1.0,4,0.17586206899999998,1,29.36666667,10,1.7333,1
9,7,26,2,9,0.25,211,1.0,0,0.38888888899999996,3,22.22222222,2,1.0,0
17,0,17,0,17,2.0,17,0.0,0,0.382352941,0,0.0,1,1.0,0
2,2,3,2,1,1.911764706,93,0.0,0,1.0,0,28.5,0,0.0,0
8,2,16,0,8,0.571428571,107,1.0,0,0.6875,1,12.0,1,0.875,0
33,3,74,2,26,0.604166667,764,1.0,1,0.232323232,0,22.06060606,4,1.6667,0
8,5,38,4,8,0.514285714,401,1.0,0,0.541666667,0,48.5,12,3.5,0
12,6,78,4,7,0.363636364,663,1.0,0,0.35,10,54.08333333,12,3.0,2
2,4,14,1,2,2.0,81,0.0,0,0.6,0,39.5,1,0.5,0
8,0,9,0,7,0.7142857140000001,20,1.0,1,0.2,0,1.375,1,0.75,0
20,0,25,0,20,0.8980263159999999,229,0.75,4,0.25,0,9.65,2,1.0,0
6,1,11,1,5,2.0,31,0.0,0,0.4,0,4.166666667,1,0.8333,0
9,12,16,12,8,0.9375,48,1.0,1,0.26984127,0,4.1111111110000005,3,1.2222,0
2,2,5,0,2,2.0,11,0.0,0,0.75,0,4.5,1,0.5,0
8,8,26,3,4,0.428571429,134,1.0,1,0.171428571,0,15.5,4,1.375,0
2,0,4,0,2,2.0,10,0.0,0,0.75,0,4.0,1,0.5,0
6,0,7,0,6,2.0,9,0.0,0,0.333333333,0,0.5,1,0.8333,0
4,2,12,1,4,0.0,105,1.0,0,0.55,0,24.5,1,0.5,0
2,4,7,1,2,2.0,39,0.0,0,0.666666667,0,18.5,1,0.5,0
1,0,1,0,1,2.0,1,0.0,0,1.0,0,0.0,1,1.0,0
2,0,3,0,2,2.0,5,0.0,0,0.75,0,1.5,1,0.5,0
4,2,10,1,4,0.666666667,50,1.0,2,0.5,0,11.0,3,1.25,0
15,18,96,3,4,0.726190476,1603,1.0,4,0.248484848,1,105.46666670000002,23,3.9333,0
1,10,1,9,1,2.0,1,0.0,0,1.0,0,0.0,1,1.0,0
3,5,6,0,3,1.5,19,1.0,0,0.5,1,5.0,1,0.6667,0
10,1,11,1,8,1.072222222,55,0.35,0,0.20370370399999999,0,2.5,1,0.8,0
4,0,28,0,4,0.25,404,0.0,0,0.3125,3,99.0,6,2.75,0
67,6,82,4,67,0.956709957,373,1.0,1,0.20024875600000003,0,4.4626865669999995,2,0.9851,0
1,0,2,0,1,2.0,33,0.0,0,1.0,0,3.0,0,0.0,0
15,3,16,2,15,0.8067226890000001,385,0.41176470600000004,5,0.425,0,23.53333333,1,0.4667,0
2,5,8,1,2,2.0,24,0.0,0,0.666666667,0,11.0,1,0.5,0
9,5,16,4,9,0.583333333,99,1.0,0,0.481481481,0,9.666666667000001,2,1.0,0
7,0,10,0,6,0.833333333,47,1.0,2,0.5555555560000001,0,5.428571429,2,0.8571,0
2,2,11,0,2,2.0,39,0.0,0,0.75,0,18.5,3,1.5,0
22,40,55,30,20,0.19047619,474,1.0,1,0.252066116,0,20.45454545,1,0.9545,1
9,2,20,1,9,0.708333333,112,0.666666667,0,0.333333333,2,11.11111111,1,0.8889,0
4,0,28,0,4,0.25,404,1.0,0,0.3125,3,99.0,6,2.75,0
1,35,1,34,1,2.0,1,0.0,0,1.0,0,0.0,1,1.0,0
35,31,87,18,33,0.9667519179999999,573,0.695652174,7,0.142156863,0,14.71428571,21,1.5714,0
12,16,73,2,10,0.603305785,616,1.0,5,0.287878788,0,49.41666667,3,1.0,0
4,0,8,0,4,2.0,20,0.0,0,0.666666667,0,4.0,0,0.0,0
4,3,4,3,4,2.0,4,0.0,0,0.5,0,0.0,1,1.0,0
16,11,29,10,15,0.6333333329999999,243,0.5,0,0.23809523800000001,0,13.8125,7,1.5625,0
14,14,45,3,13,0.78021978,293,1.0,3,0.346153846,0,19.42857143,8,1.3571,0
2,0,4,0,2,2.0,10,0.0,0,0.75,0,4.0,1,0.5,0
18,9,43,2,16,0.735294118,1050,1.0,6,0.218487395,0,56.33333333,4,1.0556,0
17,12,49,3,12,0.75,287,1.0,2,0.47916666700000005,0,15.41176471,5,1.4706,0
11,12,11,10,11,2.0,11,0.0,0,0.30909090899999997,0,0.0,1,1.0,0
23,19,36,17,22,2.0,128,0.0,0,0.246376812,0,4.565217391,6,1.2174,0
31,22,31,20,31,2.0,31,0.0,0,0.221198157,0,0.0,1,1.0,0
17,16,76,3,12,0.8472222220000001,586,0.5555555560000001,1,0.302083333,1,32.94117647,6,1.3529,0
8,0,9,0,8,1.142857143,45,0.0,0,0.28571428600000004,0,0.375,1,0.875,0
8,5,8,5,8,2.0,8,0.0,0,0.475,0,0.0,1,1.0,0
6,0,6,0,6,1.2,10,0.0,0,0.444444444,0,0.0,1,1.0,0
50,29,164,6,41,0.9272404609999999,2168,1.0,5,0.09022556400000001,0,41.9,62,3.04,0
23,19,112,4,19,0.875,954,1.0,1,0.22727272699999998,5,40.13043478,6,1.4783,0
5,3,21,2,4,0.55,387,0.4,1,0.4,1,75.4,14,4.8,0
2,0,2,0,2,2.0,2,0.0,0,1.0,0,0.0,1,1.0,0
30,10,61,5,29,0.89968652,301,0.090909091,1,0.261083744,0,8.666666667000001,2,1.0333,0
22,9,83,7,19,0.880952381,995,1.0,1,0.198412698,1,44.13636364,23,3.4091,2
10,0,11,0,10,2.0,13,0.0,0,0.375,0,0.3,1,0.9,0
8,8,16,8,8,0.0,79,1.0,0,0.425,0,8.75,1,0.25,0
18,8,70,5,15,0.860294118,646,0.125,0,0.225490196,0,34.44444444,5,2.0,0
4,6,8,0,4,2.0,22,0.0,0,0.625,0,4.5,1,0.75,0
11,6,33,0,10,0.8444444440000001,323,0.333333333,4,0.3,0,27.54545455,11,2.0909,0
10,6,66,0,9,0.472222222,745,1.0,3,0.5,5,73.1,2,0.9,0
5,0,5,0,5,2.0,5,0.0,0,0.4,0,0.0,1,1.0,0
3,7,19,0,3,0.833333333,108,0.666666667,1,0.5555555560000001,0,34.0,1,0.6667,0
8,0,14,0,7,0.571428571,95,0.5,0,0.37142857100000004,0,10.625,2,0.75,0
4,1,9,1,0,0.5,32,1.0,0,1.0,0,6.5,1,0.75,0
17,12,17,10,17,2.0,17,0.0,0,0.382352941,0,0.0,1,1.0,0
13,11,75,5,5,0.881944444,876,0.75,1,0.27380952399999997,0,65.46153846,4,1.3077,0
31,16,74,4,23,0.7955555559999999,865,1.0,7,0.17,0,26.41935484,7,1.7097,0
3,0,4,0,3,2.0,6,0.0,0,0.666666667,0,1.0,1,0.6667,0
2,5,19,1,2,0.0,116,1.0,0,0.833333333,0,56.5,1,0.5,0
2,6,7,1,1,2.0,17,0.0,0,0.5,0,7.5,1,0.5,0
4,1,10,1,1,1.296296296,142,0.037037037,0,0.444444444,0,27.75,2,0.75,0
1,0,2,0,1,2.0,5,0.0,0,1.0,0,3.0,0,0.0,0
3,4,7,1,3,1.5,17,1.0,0,0.5555555560000001,1,4.333333333,1,0.6667,0
2,5,2,3,2,2.0,2,0.0,0,0.75,0,0.0,1,1.0,0
13,27,35,26,9,0.36111111100000004,315,1.0,0,0.38888888899999996,0,23.0,7,1.3846,0
1,0,1,0,1,2.0,1,0.0,0,1.0,0,0.0,1,1.0,0
81,17,212,0,69,0.9770833329999999,2334,0.988095238,5,0.184375,0,26.77777778,9,1.3457,1
3,18,4,18,1,0.9523809520000001,134,0.0,20,0.75,0,36.66666667,1,0.3333,0
4,9,10,8,4,0.0,63,1.0,0,0.625,0,14.5,3,1.25,0
3,3,4,1,3,2.0,11,0.0,0,0.666666667,0,2.666666667,1,0.6667,0
2,0,4,0,1,1.9166666669999999,24,0.0,0,1.0,0,5.0,0,0.0,0
30,26,30,25,30,1.034482759,34,0.0,0,0.16296296300000002,0,0.0,1,1.0,0
4,4,22,1,4,0.0,141,1.0,0,0.5,2,33.75,1,0.5,0
74,59,210,40,67,0.896575342,1597,1.0,11,0.12035225,0,20.31081081,19,2.4459,1
4,0,4,0,4,2.0,4,0.0,0,0.625,0,0.0,1,1.0,0
30,11,79,0,27,0.870344828,737,1.0,2,0.344827586,1,22.73333333,2,1.0,0
1,2,1,2,1,2.0,1,0.0,0,1.0,0,0.0,1,1.0,0
12,7,21,2,7,0.6181818179999999,359,1.0,3,0.340909091,0,28.08333333,1,0.8333,0
10,3,24,0,10,0.333333333,149,1.0,1,0.225,1,13.7,1,0.8,0
13,2,25,0,11,0.816666667,164,1.0,0,0.423076923,1,11.23076923,1,0.9231,0
6,17,6,15,6,2.0,6,0.0,0,0.5,0,0.0,1,1.0,0
10,6,34,2,6,0.796296296,287,1.0,2,0.314814815,0,27.1,4,1.2,0
6,0,7,0,6,0.8,44,1.0,0,0.375,0,5.5,1,0.8333,0
7,1,13,1,7,0.5,50,1.0,0,0.5,0,5.857142857,1,0.8571,0
19,0,33,0,17,0.9494949490000001,201,1.0,0,0.375,0,9.0,5,1.1053,0
4,2,10,0,2,0.26666666699999997,83,0.0,2,0.4375,0,18.5,3,1.5,0
1,1,2,1,0,2.0,32,0.0,0,1.0,0,27.0,0,0.0,0
2,2,11,0,2,2.0,124,0.0,0,0.75,0,61.0,3,1.5,0
19,18,81,2,16,0.9313725490000001,711,0.058823529000000006,2,0.314814815,6,35.52631579,6,1.5789,0
46,33,78,28,44,0.9037037040000001,696,0.944444444,4,0.11794871800000001,0,13.73913043,18,1.8478,0
4,4,7,1,4,0.5,47,1.0,2,0.4375,0,10.25,2,1.0,0
6,0,39,0,4,1.0,312,1.0,0,0.233333333,0,50.66666667,6,3.5,0
6,12,6,9,6,2.0,6,0.0,0,0.41666666700000005,0,0.0,1,1.0,0
2,3,14,0,2,2.0,577,0.0,0,0.75,0,287.5,6,3.0,0
12,16,40,12,8,0.9580419579999999,379,1.0,1,0.263636364,0,29.5,9,1.6667,0
2,4,6,1,2,2.0,29,0.0,0,0.666666667,1,13.5,1,0.5,0
13,0,19,0,12,0.966666667,157,1.0,3,0.653846154,0,10.30769231,5,1.8462,0
1,0,2,0,1,2.0,5,0.0,0,1.0,0,3.0,0,0.0,0
7,5,16,3,6,1.075757576,747,1.0,0,0.194444444,0,104.1428571,11,4.0,0
43,17,159,3,24,0.774603175,2409,1.0,3,0.223214286,0,54.674418599999996,22,3.8372,0
14,5,51,0,3,0.9010989009999999,555,0.428571429,0,0.519230769,4,38.14285714,7,2.1429,0
3,3,11,2,3,2.0,71,0.0,0,0.333333333,0,22.66666667,8,3.6667,0
14,14,56,3,7,0.8888888890000001,290,1.0,3,0.692307692,7,19.07142857,6,1.4286,1
10,6,21,2,9,0.7777777779999999,142,1.0,2,0.36111111100000004,0,12.7,1,0.8,0
4,2,5,1,3,1.0,16,1.0,0,1.0,2,2.5,1,0.5,0
36,21,136,4,27,0.8685714290000001,1275,1.0,3,0.22142857100000002,0,34.13888889,12,2.6111,1
10,10,43,3,6,0.481481481,257,1.0,3,0.35,0,24.4,3,1.3,0
4,0,5,0,4,0.666666667,28,1.0,0,0.4375,0,5.25,1,0.75,0
1,0,1,0,1,2.0,1,0.0,0,1.0,0,0.0,1,1.0,0
7,8,22,4,6,0.916666667,117,1.0,0,0.333333333,0,15.14285714,1,0.7143,0
31,18,50,15,30,0.9121212120000001,259,0.636363636,3,0.220430108,0,7.0,3,1.0968,0
3,8,11,3,3,0.0,85,1.0,0,0.666666667,1,26.66666667,1,0.6667,0
2,0,2,0,2,2.0,2,0.0,0,1.0,0,0.0,1,1.0,0
16,0,17,0,16,2.0,23,0.0,0,0.3875,0,0.4375,1,0.9375,0
9,5,9,4,9,2.0,9,0.0,0,0.41666666700000005,0,0.0,1,1.0,0
3,4,8,1,3,2.0,27,0.0,0,0.666666667,1,8.0,1,0.6667,0
7,7,9,7,7,0.7,55,1.0,0,0.46428571399999996,0,6.142857143,1,0.7143,1
2,12,3,10,2,2.0,8,0.0,0,0.666666667,0,3.0,1,0.5,0
1,20,1,19,1,2.0,1,0.0,0,1.0,0,0.0,1,1.0,0
2,5,7,4,1,1.4166666669999999,62,0.25,1,1.0,0,24.0,0,0.0,0
27,19,104,1,21,0.735576923,811,1.0,1,0.224358974,0,28.74074074,9,1.8889,0
1,3,2,3,0,2.0,16,0.0,0,1.0,0,12.0,0,0.0,0
23,9,48,5,21,0.90530303,429,0.916666667,5,0.272727273,0,17.13043478,10,2.2609,1
8,9,38,0,7,0.857142857,278,1.0,1,0.7857142859999999,0,33.25,3,2.0,0
19,3,32,2,16,0.8222222220000001,612,1.0,1,0.263157895,0,30.68421053,14,2.6316,0
2,2,13,0,2,2.0,100,0.0,0,0.75,0,49.0,6,3.0,0
30,11,66,1,18,0.8764367820000001,640,1.0,1,0.43965517200000004,7,19.93333333,7,1.8667,0
4,3,8,1,3,0.333333333,38,1.0,0,0.583333333,0,8.25,2,1.0,0
11,3,28,1,11,0.4,177,1.0,0,0.47272727299999995,2,14.90909091,1,0.2727,0
23,7,38,5,19,0.704545455,316,1.0,1,0.22727272699999998,0,12.47826087,4,1.2609,0
5,6,33,1,1,0.375,218,0.5,1,0.583333333,2,42.2,1,0.6,0
2,0,2,0,2,2.0,2,0.0,0,1.0,0,0.0,1,1.0,0
27,0,54,0,26,2.0,141,0.0,0,0.314814815,0,4.222222222,1,0.963,0
3,2,13,1,3,0.375,101,1.0,1,0.666666667,0,31.33333333,2,1.0,0
9,9,13,9,8,0.125,112,1.0,0,0.4375,0,11.33333333,1,0.7778,0
9,9,49,1,6,0.484375,365,0.125,0,0.3125,0,38.66666667,10,1.7778,0
8,7,22,3,7,0.828571429,91,1.0,2,0.39285714299999996,0,9.75,1,0.75,0
3,3,8,1,3,0.0,34,1.0,0,0.5555555560000001,1,10.0,1,0.3333,0
4,5,11,3,4,2.0,82,0.0,0,0.5,2,19.5,10,3.0,0
3,1,7,1,3,0.0,33,1.0,0,0.666666667,0,9.666666667000001,1,0.6667,0
15,0,27,0,15,0.857142857,145,1.0,2,0.255555556,0,8.4,9,1.8,0
5,11,41,0,3,0.875,376,1.0,1,0.5625,0,73.8,1,0.6,1
13,19,54,16,12,0.683333333,339,1.0,0,0.41666666700000005,1,24.69230769,1,0.8462,0
12,1,20,1,5,0.923444976,357,0.052631579000000005,1,0.212121212,0,25.58333333,1,0.75,0
21,5,66,1,19,0.827272727,607,0.090909091,0,0.3375,0,27.38095238,16,2.2381,0
1,2,2,2,1,2.0,32,0.0,0,1.0,0,24.0,0,0.0,0
6,8,25,6,4,0.1,178,1.0,0,0.4,0,28.33333333,2,1.3333,0
1,0,1,0,1,2.0,1,0.0,0,1.0,0,0.0,1,1.0,0
31,5,69,4,28,0.37777777799999995,270,1.0,0,0.141666667,9,7.612903226,5,1.2258,0
2,3,4,3,2,0.0,15,1.0,1,0.666666667,0,6.0,1,0.5,0
11,2,22,1,10,0.35,108,1.0,1,0.3,1,8.636363636,2,0.9091,0
3,3,13,0,3,2.0,95,0.0,0,0.5555555560000001,3,30.66666667,1,0.6667,0
10,10,30,2,9,0.8888888890000001,164,0.6,0,0.325,2,14.9,1,0.9,1
5,0,33,0,3,2.0,264,0.0,0,0.4,0,51.8,8,3.4,0
7,0,32,0,7,2.0,163,0.0,0,0.904761905,1,22.28571429,3,1.2857,0
14,11,59,0,12,0.871794872,510,1.0,0,0.452380952,5,35.0,7,1.4286,0
21,12,95,5,14,0.8583333329999999,719,1.0,2,0.225,0,32.66666667,12,1.9048,2
5,6,20,1,4,0.833333333,176,0.166666667,1,0.35714285700000004,0,33.0,6,1.6,0
1,0,1,0,1,2.0,2,0.0,0,1.0,0,0.0,1,1.0,0
2,4,5,1,2,2.0,39,0.0,0,0.666666667,1,18.5,1,0.5,0
1,1,2,0,1,2.0,4,0.0,0,1.0,0,3.0,0,0.0,0
17,1,22,1,16,0.4375,275,1.0,0,0.352941176,0,14.94117647,5,2.2353,0
90,26,158,11,81,0.960356159,1560,0.924528302,5,0.17556179800000002,0,15.74444444,8,1.3222,0
5,7,13,3,5,2.0,63,0.0,0,0.533333333,0,11.6,2,1.4,0
2,1,3,1,1,1.963636364,231,0.0,0,1.0,0,87.0,0,0.0,0
16,15,16,15,16,2.0,16,0.0,0,0.3125,0,0.0,1,1.0,0
2,5,5,1,2,2.0,24,0.0,0,0.666666667,0,11.0,1,0.5,0
8,2,18,2,7,0.571428571,63,1.0,1,0.40625,0,6.625,1,0.875,0
10,4,21,1,9,0.694444444,218,0.375,1,0.311111111,1,20.0,6,1.3,0
22,11,58,1,21,0.8707482990000001,560,0.071428571,0,0.258503401,6,23.81818182,5,1.2273,0
2,5,13,1,2,2.0,33,0.0,0,0.666666667,0,15.5,1,0.5,0
24,2,46,1,20,0.7246376809999999,218,1.0,1,0.27173913,1,7.958333333,3,1.5,0
1,2,2,2,1,2.0,10,0.0,0,1.0,0,3.0,0,0.0,0
2,0,4,0,2,2.0,9,0.0,0,0.75,0,3.5,0,0.0,0
34,0,67,0,32,0.727272727,233,1.0,2,0.264705882,0,5.735294118,2,1.0,0
2,0,4,0,1,2.0,37,0.0,0,0.666666667,0,17.5,1,0.5,0
2,1,7,1,2,2.0,23,1.0,0,0.6,0,10.0,1,0.5,0
14,20,72,6,6,0.699300699,723,1.0,3,0.242857143,0,49.85714286,4,1.2143,0
6,0,7,0,6,2.0,9,0.0,0,0.611111111,0,0.5,1,0.8333,0
1,0,1,0,1,2.0,1,0.0,0,1.0,0,0.0,1,1.0,0
53,33,113,25,46,0.932692308,1038,0.96875,7,0.131410256,0,17.98113208,18,1.7358,4
7,7,24,7,4,0.833333333,314,1.0,0,0.214285714,0,42.85714286,4,2.4286,0
10,8,34,2,7,0.793650794,210,1.0,2,0.472222222,0,19.3,5,1.2,0
11,1,12,0,11,2.0,14,0.0,0,0.454545455,0,0.272727273,1,0.9091,0
12,14,38,7,11,0.672727273,158,1.0,3,0.25974026,0,11.75,1,0.75,0
8,3,11,2,5,0.642857143,52,1.0,1,0.40625,1,5.25,1,0.875,0
121,63,121,52,121,1.008333333,122,0.0,0,0.12333121400000001,0,0.0,1,1.0,0
11,9,53,0,10,0.7,473,1.0,1,0.8,0,41.72727273,3,1.6364,0
2,0,2,0,2,2.0,2,0.0,0,0.75,0,0.0,1,1.0,0
36,23,76,18,36,0.8311688309999999,1025,1.0,1,0.143518519,0,27.16666667,3,1.3889,2
9,3,23,0,8,0.708333333,158,1.0,0,0.333333333,1,16.22222222,1,0.8889,0
4,5,29,2,3,0.333333333,213,1.0,0,0.5,0,52.0,1,0.5,0
12,4,23,1,9,0.8441558440000001,1209,0.857142857,0,0.35,2,99.16666667,1,0.9167,0
110,13,177,3,92,0.921035387,1126,0.9285714290000001,7,0.176605505,0,8.981818182,3,1.0455,0
4,3,21,3,3,0.5,242,1.0,0,0.5555555560000001,0,59.0,4,1.25,0
11,2,21,1,8,0.6,86,1.0,1,0.316666667,0,6.6363636360000005,3,1.2727,0
9,7,59,0,7,0.625,491,1.0,4,0.26388888899999996,2,53.0,2,1.0,1
2,3,3,1,2,2.0,8,0.0,0,0.666666667,0,3.0,1,0.5,0
7,2,8,2,7,2.0,10,0.0,0,0.47619047600000003,0,0.428571429,1,0.8571,0
15,13,60,13,12,1.0,766,1.0,0,0.226190476,0,50.0,8,3.9333,1
54,16,222,2,32,0.849056604,3912,0.966666667,2,0.129380054,10,70.88888889,30,3.6296,4
13,4,14,1,13,0.791666667,41,1.0,0,0.46153846200000004,0,2.0,1,0.9231,0
2,4,5,1,2,2.0,39,0.0,0,0.666666667,1,18.5,1,0.5,0
10,5,17,4,10,1.027777778,280,0.25,0,0.7,0,25.0,6,1.7,0
47,7,162,3,44,1.02173913,2279,1.0,0,0.10414333699999999,0,47.44680851,19,2.4894,0
3,2,6,1,2,0.5,20,1.0,0,0.666666667,0,5.333333333,1,0.6667,0
4,2,10,1,3,0.333333333,50,1.0,0,0.46666666700000003,0,11.25,2,0.75,0
7,3,8,1,7,0.583333333,35,1.0,0,0.642857143,0,3.714285714,1,0.8571,0
17,10,48,2,15,0.775,1267,1.0,6,0.23214285699999998,0,72.35294118,4,1.1176,0
51,44,124,1,39,0.6791666670000001,4367,0.791666667,9,0.2,0,84.15686275,11,2.1373,0
1,6,1,5,1,2.0,1,0.0,0,1.0,0,0.0,1,1.0,0
38,21,104,6,36,0.9305019309999999,943,1.0,5,0.11711711699999999,0,23.26315789,9,1.5526,0
33,7,78,1,23,0.8203125,737,1.0,1,0.552083333,7,20.84848485,8,1.5455,1
2,3,14,0,2,2.0,1791,0.0,0,0.75,0,894.5,11,5.5,0
6,15,6,14,6,2.0,6,0.0,0,0.75,0,0.0,1,1.0,0
3,3,5,1,2,0.5,22,0.0,2,0.5,0,5.666666667,1,0.6667,0
2,1,7,1,2,1.0,26,1.0,0,0.6,0,11.5,1,0.5,0
13,6,20,5,12,0.8,89,1.0,1,0.403846154,0,5.461538462,1,0.9231,0
8,4,36,4,7,1.071428571,351,0.0,0,0.380952381,0,42.375,8,3.625,0
18,11,34,10,7,0.705882353,387,0.2,4,0.305882353,0,20.22222222,15,3.4444,1
1,5,1,4,1,2.0,1,0.0,0,1.0,0,0.0,1,1.0,0
4,0,8,0,4,2.0,20,0.0,0,0.666666667,0,4.0,0,0.0,0
2,2,5,1,2,2.0,15,0.0,0,0.75,0,6.5,2,1.0,0
8,8,29,2,7,2.0,264,0.0,0,0.41666666700000005,0,32.0,1,0.875,0
6,11,6,8,6,2.0,6,0.0,0,0.41666666700000005,0,0.0,1,1.0,0
19,0,38,0,18,2.0,120,0.0,0,0.377192982,0,5.315789474,1,0.9474,0
10,10,42,0,9,0.5555555560000001,273,0.5,0,0.46666666700000003,2,26.1,1,0.8,0
3,0,4,0,3,0.5,21,1.0,0,0.5,0,5.333333333,1,0.6667,0
13,7,33,2,12,0.638888889,382,1.0,1,0.323076923,0,28.15384615,8,1.6154,0
3,1,14,1,3,2.0,138,0.0,0,0.5,0,45.0,13,5.6667,1
20,5,51,1,19,0.6421052629999999,429,1.0,2,0.37142857100000004,0,20.2,2,0.3,0
1,1,7,1,1,2.0,17,0.0,0,1.0,0,16.0,0,0.0,0
3,3,6,3,2,0.5,23,1.0,0,0.5,0,6.333333333,3,1.0,0
2,5,10,2,2,2.0,36,0.0,0,0.666666667,1,17.0,1,0.5,0
9,17,53,2,3,0.958333333,624,1.0,1,0.26666666699999997,0,67.66666667,16,5.1111,2
2,5,22,1,2,1.0,134,1.0,1,0.6,0,65.0,4,2.0,0
5,2,16,1,5,0.625,90,1.0,0,0.4,0,16.6,2,1.2,1
14,19,14,19,14,2.0,14,0.0,0,0.28571428600000004,0,0.0,1,1.0,0
130,64,270,56,123,0.9155038759999999,2700,1.0,6,0.069232825,0,19.53846154,8,1.2692,0
33,9,34,9,32,1.03125,70,0.0,0,0.28138528100000004,0,0.090909091,1,0.9697,0
9,4,32,2,7,2.0,265,0.0,0,0.444444444,0,28.44444444,1,0.8889,0
17,0,31,0,15,0.5625,161,1.0,0,0.234375,0,8.352941176,1,0.8824,0
4,3,8,1,3,0.666666667,26,1.0,0,0.875,0,5.25,1,0.75,0
5,0,9,0,2,0.75,47,1.0,0,0.583333333,2,7.8,1,0.6,0
9,6,41,2,5,0.5,282,1.0,0,0.34375,0,30.11111111,1,0.7778,0
8,6,64,2,6,0.7142857140000001,509,1.0,1,0.28571428600000004,0,62.375,12,2.625,0
7,3,20,1,4,0.7222222220000001,143,1.0,0,0.28571428600000004,4,19.0,3,1.5714,0
4,2,12,0,4,0.0,41,1.0,0,0.625,1,9.0,1,0.75,0
